timestamp,ecg_value
1762880072.5922902,1.72
1762880072.5986109,1.7
1762880072.605181,1.67
1762880072.6110332,1.65
1762880072.617358,1.64
1762880072.623637,1.64
1762880072.629807,1.64
1762880072.635958,1.63
1762880072.642348,1.61
1762880072.648622,1.57
1762880072.655542,1.54
1762880072.661015,1.52
1762880072.667268,1.52
1762880072.6735182,1.54
1762880072.679871,1.56
1762880072.685917,1.56
1762880072.692439,1.55
1762880072.6985931,1.47
1762880072.704826,1.51
1762880072.7109811,1.51
1762880072.7172759,1.48
1762880072.723575,1.55
1762880072.729741,1.49
1762880072.736114,1.49
1762880072.742233,1.57
1762880072.748626,1.54
1762880072.7546828,1.54
1762880072.760947,1.55
1762880072.767292,1.55
1762880072.773577,1.59
1762880072.77984,1.57
1762880072.78593,1.59
1762880072.792255,1.61
1762880072.7985961,1.55
1762880072.8047,1.6
1762880072.811019,1.61
1762880072.8175309,1.59
1762880072.823503,1.66
1762880072.82982,1.6
1762880072.835941,1.58
1762880072.8422642,1.65
1762880072.84878,1.6
1762880072.8547,1.61
1762880072.861126,1.68
1762880072.867751,1.67
1762880072.873527,1.66
1762880072.8799748,1.59
1762880072.8859231,1.62
1762880072.892234,1.7
1762880072.899018,1.62
1762880072.9046998,1.64
1762880072.9111319,1.65
1762880072.9175239,1.62
1762880072.923428,1.67
1762880072.930026,1.66
1762880072.9358962,1.74
1762880072.942228,1.79
1762880072.948947,1.74
1762880072.9546702,1.84
1762880072.960923,1.9
1762880072.967341,1.84
1762880072.973491,1.88
1762880072.979796,1.84
1762880072.985883,1.8
1762880072.992264,1.74
1762880072.998634,1.62
1762880073.004713,1.66
1762880073.0112262,1.67
1762880073.017283,1.59
1762880073.023471,1.65
1762880073.0296352,1.66
1762880073.0358489,1.64
1762880073.042162,1.64
1762880073.048594,1.6
1762880073.0546508,1.66
1762880073.060989,1.67
1762880073.067157,1.65
1762880073.073411,1.69
1762880073.079791,1.67
1762880073.0858738,1.66
1762880073.092296,1.72
1762880073.0985951,1.71
1762880073.1046999,1.74
1762880073.110998,1.7
1762880073.1174479,1.78
1762880073.123404,2.09
1762880073.129758,2.6
1762880073.13597,3.17
1762880073.1421812,3.17
1762880073.1490932,3.18
1762880073.154654,3.17
1762880073.160963,2.13
1762880073.1671512,0.97
1762880073.173325,1.7
1762880073.1795998,1.96
1762880073.185837,1.58
1762880073.192087,1.56
1762880073.1985369,1.63
1762880073.204604,1.64
1762880073.21088,1.63
1762880073.2171168,1.62
1762880073.223404,1.68
1762880073.2296488,1.59
1762880073.235894,1.61
1762880073.24208,1.73
1762880073.248446,1.64
1762880073.254553,1.65
1762880073.260899,1.7
1762880073.2671292,1.69
1762880073.273373,1.69
1762880073.279715,1.64
1762880073.285902,1.7
1762880073.292085,1.77
1762880073.298507,1.71
1762880073.30463,1.73
1762880073.3111181,1.75
1762880073.317292,1.74
1762880073.323406,1.8
1762880073.3295958,1.8
1762880073.3358378,1.84
1762880073.3420658,1.88
1762880073.3484359,1.83
1762880073.354573,1.9
1762880073.360915,1.92
1762880073.367135,1.88
1762880073.373285,1.96
1762880073.379582,1.94
1762880073.3857868,1.93
1762880073.392094,1.97
1762880073.398562,1.89
1762880073.4045792,1.89
1762880073.410827,1.86
1762880073.417196,1.75
1762880073.423326,1.73
1762880073.429815,1.65
1762880073.435837,1.63
1762880073.442132,1.62
1762880073.4484658,1.52
1762880073.454505,1.52
1762880073.461053,1.52
1762880073.467087,1.51
1762880073.473282,1.53
1762880073.479795,1.48
1762880073.485845,1.47
1762880073.492127,1.51
1762880073.498752,1.49
1762880073.50458,1.52
1762880073.510854,1.5
1762880073.5170932,1.51
1762880073.523369,1.57
1762880073.529679,1.49
1762880073.535836,1.52
1762880073.542201,1.59
1762880073.548351,1.52
1762880073.5545979,1.52
1762880073.5609632,1.54
1762880073.567065,1.51
1762880073.57328,1.54
1762880073.579614,1.53
1762880073.585738,1.53
1762880073.5921578,1.58
1762880073.598766,1.52
1762880073.604523,1.55
1762880073.6107898,1.56
1762880073.6170292,1.51
1762880073.623235,1.53
1762880073.629631,1.48
1762880073.635871,1.48
1762880073.64207,1.58
1762880073.648361,1.52
1762880073.6547031,1.48
1762880073.660819,1.5
1762880073.66701,1.5
1762880073.673248,1.52
1762880073.679601,1.46
1762880073.685782,1.51
1762880073.692108,1.54
1762880073.6984901,1.44
1762880073.704627,1.47
1762880073.710905,1.52
1762880073.7170298,1.49
1762880073.723271,1.5
1762880073.729653,1.52
1762880073.7358038,1.6
1762880073.7421892,1.62
1762880073.7483351,1.58
1762880073.754525,1.7
1762880073.7610009,1.74
1762880073.766994,1.65
1762880073.7732759,1.65
1762880073.7796822,1.64
1762880073.7857091,1.53
1762880073.792057,1.45
1762880073.798591,1.4
1762880073.80444,1.45
1762880073.81076,1.43
1762880073.816986,1.35
1762880073.8232782,1.42
1762880073.829538,1.42
1762880073.835746,1.39
1762880073.842002,1.38
1762880073.8483698,1.36
1762880073.854557,1.43
1762880073.860708,1.43
1762880073.8670132,1.33
1762880073.8746681,1.42
1762880073.915413,1.46
1762880073.916002,1.43
1762880073.9162781,1.46
1762880073.916384,1.43
1762880073.916482,1.45
1762880073.916605,1.53
1762880073.917022,1.68
1762880073.93116,2.24
1762880073.936471,3.12
1762880073.93666,3.17
1762880073.943445,3.17
1762880073.9483461,3.12
1762880073.957451,1.32
1762880073.96076,0.67
1762880073.9677958,1.56
1762880073.973956,1.74
1762880073.979678,1.27
1762880073.985802,1.23
1762880073.992029,1.45
1762880073.9984262,1.36
1762880074.004491,1.32
1762880074.010742,1.36
1762880074.016981,1.32
1762880074.023243,1.38
1762880074.029462,1.37
1762880074.035789,1.39
1762880074.0419729,1.43
1762880074.048369,1.36
1762880074.054493,1.4
1762880074.06068,1.42
1762880074.067036,1.37
1762880074.073192,1.45
1762880074.0794728,1.44
1762880074.085706,1.44
1762880074.091969,1.47
1762880074.098748,1.41
1762880074.104403,1.51
1762880074.110678,1.55
1762880074.1169689,1.46
1762880074.123225,1.52
1762880074.12943,1.63
1762880074.1357088,1.65
1762880074.1419,1.66
1762880074.148246,1.61
1762880074.1544268,1.64
1762880074.1607108,1.72
1762880074.1669812,1.69
1762880074.173358,1.72
1762880074.179497,1.7
1762880074.185663,1.67
1762880074.191995,1.74
1762880074.198296,1.67
1762880074.2044601,1.63
1762880074.21071,1.55
1762880074.217092,1.49
1762880074.2232242,1.55
1762880074.229491,1.44
1762880074.235744,1.34
1762880074.242002,1.34
1762880074.248825,1.28
1762880074.254407,1.29
1762880074.260658,1.35
1762880074.266975,1.3
1762880074.27312,1.33
1762880074.279425,1.29
1762880074.285703,1.27
1762880074.29192,1.33
1762880074.298408,1.28
1762880074.304416,1.27
1762880074.310718,1.32
1762880074.316888,1.32
1762880074.3232179,1.34
1762880074.329443,1.29
1762880074.335775,1.35
1762880074.3418722,1.39
1762880074.3483698,1.31
1762880074.3544261,1.34
1762880074.3606348,1.39
1762880074.366924,1.36
1762880074.373287,1.38
1762880074.3794339,1.36
1762880074.38556,1.37
1762880074.391903,1.41
1762880074.398659,1.32
1762880074.404375,1.35
1762880074.4106839,1.38
1762880074.416883,1.35
1762880074.423255,1.39
1762880074.429377,1.37
1762880074.435665,1.36
1762880074.441872,1.38
1762880074.44817,1.33
1762880074.4544451,1.39
1762880074.460643,1.38
1762880074.4669828,1.32
1762880074.473108,1.39
1762880074.4793549,1.37
1762880074.4856918,1.33
1762880074.49191,1.38
1762880074.498231,1.33
1762880074.5043771,1.38
1762880074.510634,1.4
1762880074.516902,1.33
1762880074.523073,1.39
1762880074.529403,1.42
1762880074.535632,1.39
1762880074.541895,1.42
1762880074.548667,1.45
1762880074.5543401,1.56
1762880074.56063,1.55
1762880074.566912,1.51
1762880074.573291,1.66
1762880074.579363,1.63
1762880074.585608,1.55
1762880074.591861,1.55
1762880074.598221,1.49
1762880074.604382,1.48
1762880074.610684,1.42
1762880074.616843,1.36
1762880074.623191,1.39
1762880074.629369,1.34
1762880074.635642,1.34
1762880074.641803,1.4
1762880074.6485682,1.33
1762880074.654319,1.34
1762880074.6606562,1.37
1762880074.66692,1.33
1762880074.673069,1.41
1762880074.6793768,1.4
1762880074.6856031,1.33
1762880074.691905,1.4
1762880074.69807,1.41
1762880074.704572,1.4
1762880074.710607,1.46
1762880074.716932,1.41
1762880074.723167,1.47
1762880074.7293,1.55
1762880074.7355468,1.74
1762880074.7417889,2.4
1762880074.748128,3.16
1762880074.754271,3.17
1762880074.760548,3.17
1762880074.76687,2.88
1762880074.77307,0.95
1762880074.779695,0.88
1762880074.7855701,1.73
1762880074.79184,1.61
1762880074.7984178,1.23
1762880074.80431,1.32
1762880074.810514,1.46
1762880074.817051,1.36
1762880074.823167,1.37
1762880074.829296,1.39
1762880074.835608,1.39
1762880074.84181,1.43
1762880074.848,1.37
1762880074.8542762,1.42
1762880074.860597,1.46
1762880074.8667939,1.43
1762880074.87312,1.49
1762880074.879306,1.49
1762880074.885602,1.46
1762880074.891816,1.51
1762880074.898162,1.47
1762880074.904332,1.49
1762880074.9105,1.57
1762880074.916797,1.56
1762880074.923072,1.56
1762880074.9293509,1.55
1762880074.935564,1.6
1762880074.94181,1.68
1762880074.9480379,1.63
1762880074.9542599,1.66
1762880074.960549,1.73
1762880074.966777,1.73
1762880074.973016,1.78
1762880074.979297,1.75
1762880074.9854982,1.75
1762880074.9917681,1.83
1762880074.99849,1.78
1762880075.004297,1.82
1762880075.0104809,1.83
1762880075.016757,1.71
1762880075.023099,1.71
1762880075.0295172,1.73
1762880075.035729,1.65
1762880075.041926,1.58
1762880075.047982,1.48
1762880075.0543091,1.49
1762880075.0604851,1.49
1762880075.066756,1.37
1762880075.073117,1.44
1762880075.079309,1.41
1762880075.085609,1.37
1762880075.0919192,1.42
1762880075.098122,1.39
1762880075.104264,1.43
1762880075.1105258,1.46
1762880075.116729,1.41
1762880075.123161,1.45
1762880075.1293068,1.43
1762880075.135591,1.41
1762880075.14178,1.46
1762880075.148064,1.44
1762880075.1543412,1.46
1762880075.160498,1.5
1762880075.166786,1.46
1762880075.1730392,1.53
1762880075.1793122,1.51
1762880075.1856,1.47
1762880075.1918468,1.53
1762880075.198362,1.5
1762880075.204272,1.5
1762880075.210548,1.52
1762880075.216715,1.5
1762880075.22319,1.54
1762880075.22927,1.5
1762880075.235414,1.46
1762880075.241817,1.51
1762880075.2481768,1.51
1762880075.254286,1.53
1762880075.2605,1.52
1762880075.266828,1.46
1762880075.273293,1.5
1762880075.27933,1.51
1762880075.285507,1.51
1762880075.291716,1.54
1762880075.298431,1.44
1762880075.31938,1.51
1762880075.323551,1.58
1762880075.32373,1.48
1762880075.3238761,1.49
1762880075.370659,1.53
1762880075.370841,1.54
1762880075.3727732,1.54
1762880075.3734798,1.48
1762880075.373676,1.51
1762880075.374043,1.54
1762880075.3742049,1.52
1762880075.3743758,1.55
1762880075.3792682,1.5
1762880075.3865652,1.5
1762880075.3917289,1.58
1762880075.398039,1.53
1762880075.4042392,1.6
1762880075.410558,1.69
1762880075.4167879,1.65
1762880075.42314,1.69
1762880075.429282,1.73
1762880075.4355159,1.77
1762880075.441963,1.77
1762880075.448193,1.62
1762880075.454165,1.72
1762880075.4606621,1.71
1762880075.4667861,1.5
1762880075.4731698,1.53
1762880075.479289,1.52
1762880075.485568,1.47
1762880075.491806,1.51
1762880075.4985259,1.49
1762880075.504249,1.51
1762880075.510415,1.52
1762880075.51665,1.47
1762880075.522942,1.54
1762880075.52932,1.54
1762880075.535418,1.5
1762880075.541704,1.54
1762880075.548002,1.52
1762880075.5543108,1.52
1762880075.560503,1.56
1762880075.566668,1.55
1762880075.572994,1.6
1762880075.579224,1.57
1762880075.585598,1.59
1762880075.5916858,1.77
1762880075.598211,2.04
1762880075.604428,2.78
1762880075.6103811,3.17
1762880075.6166022,3.17
1762880075.622902,3.17
1762880075.629448,2.69
1762880075.6354072,0.95
1762880075.6416728,1.25
1762880075.647939,1.81
1762880075.654189,1.59
1762880075.660396,1.39
1762880075.666709,1.47
1762880075.67286,1.58
1762880075.6795552,1.52
1762880075.6854951,1.43
1762880075.691631,1.53
1762880075.69792,1.52
1762880075.7045429,1.52
1762880075.710368,1.54
1762880075.716641,1.51
1762880075.7230132,1.57
1762880075.729783,1.53
1762880075.735451,1.52
1762880075.7417889,1.65
1762880075.747969,1.56
1762880075.754226,1.52
1762880075.760389,1.6
1762880075.7666612,1.63
1762880075.772913,1.65
1762880075.779583,1.61
1762880075.785372,1.63
1762880075.791677,1.74
1762880075.797941,1.7
1762880075.804221,1.7
1762880075.8103738,1.77
1762880075.816598,1.73
1762880075.822886,1.79
1762880075.829866,1.85
1762880075.835457,1.85
1762880075.841641,1.88
1762880075.8479428,1.83
1762880075.854246,1.85
1762880075.8603761,1.9
1762880075.866587,1.87
1762880075.87285,1.87
1762880075.879313,1.85
1762880075.885333,1.79
1762880075.891547,1.77
1762880075.897917,1.65
1762880075.904054,1.57
1762880075.9103732,1.59
1762880075.9167879,1.56
1762880075.9228249,1.54
1762880075.929733,1.48
1762880075.935297,1.43
1762880075.941609,1.5
1762880075.947917,1.45
1762880075.954096,1.44
1762880075.9603388,1.5
1762880075.9666078,1.45
1762880075.972815,1.47
1762880075.979192,1.5
1762880075.9854069,1.46
1762880075.9916182,1.49
1762880075.997793,1.48
1762880076.0041332,1.52
1762880076.010305,1.51
1762880076.016648,1.49
1762880076.0227861,1.53
1762880076.029491,1.52
1762880076.0352662,1.49
1762880076.041525,1.54
1762880076.0479062,1.53
1762880076.054058,1.52
1762880076.060385,1.57
1762880076.066625,1.51
1762880076.07321,1.54
1762880076.0800068,1.54
1762880076.085264,1.52
1762880076.091527,1.58
1762880076.097852,1.5
1762880076.1041322,1.53
1762880076.110346,1.55
1762880076.116626,1.52
1762880076.122955,1.56
1762880076.130795,1.52
1762880076.135419,1.51
1762880076.1415749,1.54
1762880076.147918,1.51
1762880076.154172,1.53
1762880076.160427,1.57
1762880076.16659,1.52
1762880076.172797,1.54
1762880076.180367,1.54
1762880076.1853929,1.51
1762880076.191565,1.56
1762880076.197929,1.52
1762880076.2040992,1.53
1762880076.210329,1.57
1762880076.216575,1.52
1762880076.222791,1.58
1762880076.230405,1.65
1762880076.235348,1.63
1762880076.241633,1.66
1762880076.247769,1.72
1762880076.254157,1.77
1762880076.2603168,1.76
1762880076.266548,1.64
1762880076.273227,1.7
1762880076.2803662,1.67
1762880076.285333,1.57
1762880076.291471,1.57
1762880076.297838,1.48
1762880076.3040571,1.47
1762880076.3102841,1.55
1762880076.3164911,1.49
1762880076.32283,1.5
1762880076.3299258,1.5
1762880076.3353212,1.42
1762880076.341582,1.53
1762880076.3478851,1.53
1762880076.3541381,1.5
1762880076.3603709,1.53
1762880076.3665411,1.49
1762880076.372989,1.53
1762880076.379321,1.53
1762880076.385334,1.51
1762880076.391541,1.58
1762880076.397902,1.55
1762880076.4039948,1.56
1762880076.4103181,1.73
1762880076.41655,1.97
1762880076.42282,2.72
1762880076.429016,3.17
1762880076.4353259,3.17
1762880076.4415228,3.17
1762880076.447902,2.81
1762880076.4566631,0.98
1762880076.469043,1.14
1762880076.469234,1.77
1762880076.487024,1.64
1762880076.487421,1.37
1762880076.4876218,1.43
1762880076.499857,1.57
1762880076.500764,1.46
1762880076.505611,1.43
1762880076.5170171,1.5
1762880076.517476,1.48
1762880076.522806,1.49
1762880076.529241,1.48
1762880076.535445,1.49
1762880076.541609,1.53
1762880076.547916,1.48
1762880076.554131,1.51
1762880076.560361,1.52
1762880076.5666292,1.55
1762880076.5729961,1.6
1762880076.579167,1.57
1762880076.585432,1.55
1762880076.591543,1.62
1762880076.59787,1.59
1762880076.6040251,1.62
1762880076.610162,1.68
1762880076.61649,1.63
1762880076.623035,1.65
1762880076.629663,1.71
1762880076.635319,1.73
1762880076.641414,1.77
1762880076.647792,1.74
1762880076.654067,1.77
1762880076.660216,1.88
1762880076.666451,1.83
1762880076.672895,1.81
1762880076.678976,1.84
1762880076.685256,1.83
1762880076.691481,1.84
1762880076.697767,1.74
1762880076.7042382,1.73
1762880076.710211,1.74
1762880076.716489,1.61
1762880076.722757,1.56
1762880076.7290099,1.51
1762880076.735311,1.46
1762880076.7414458,1.52
1762880076.7641869,1.43
1762880076.76445,1.42
1762880076.767373,1.45
1762880076.776983,1.38
1762880076.7819362,1.43
1762880076.8064299,1.45
1762880076.806701,1.43
1762880076.8069289,1.45
1762880076.807144,1.41
1762880076.807349,1.46
1762880076.8569002,1.49
1762880076.8701792,1.38
1762880076.870733,1.47
1762880076.870986,1.47
1762880076.872274,1.44
1762880076.872808,1.54
1762880076.8732429,1.48
1762880076.873514,1.43
1762880076.873756,1.51
1762880076.873975,1.48
1762880076.874349,1.52
1762880076.879031,1.52
1762880076.897366,1.5
1762880076.897625,1.52
1762880076.897839,1.5
1762880076.906771,1.5
1762880076.914277,1.49
1762880076.9164538,1.48
1762880076.9227278,1.52
1762880076.9292202,1.49
1762880076.935267,1.46
1762880076.9415581,1.52
1762880076.947762,1.47
1762880076.9538639,1.45
1762880076.960215,1.5
1762880076.966416,1.48
1762880076.972762,1.48
1762880076.978966,1.48
1762880076.985194,1.51
1762880076.9914272,1.55
1762880076.997567,1.44
1762880077.003853,1.44
1762880077.010141,1.53
1762880077.01635,1.51
1762880077.022613,1.52
1762880077.028982,1.51
1762880077.035118,1.47
1762880077.041488,1.55
1762880077.047761,1.51
1762880077.053942,1.48
1762880077.060148,1.51
1762880077.066398,1.48
1762880077.072721,1.55
1762880077.0795038,1.56
1762880077.0852091,1.54
1762880077.091359,1.63
1762880077.0976598,1.62
1762880077.1038232,1.63
1762880077.110136,1.76
1762880077.1163552,1.77
1762880077.122719,1.7
1762880077.128971,1.63
1762880077.135092,1.65
1762880077.141422,1.63
1762880077.147671,1.49
1762880077.153855,1.48
1762880077.160127,1.52
1762880077.166374,1.45
1762880077.172843,1.45
1762880077.179169,1.49
1762880077.185156,1.49
1762880077.191345,1.5
1762880077.1976461,1.41
1762880077.203849,1.44
1762880077.210179,1.54
1762880077.21631,1.5
1762880077.222563,1.51
1762880077.228978,1.51
1762880077.235148,1.48
1762880077.2413518,1.55
1762880077.2475462,1.55
1762880077.2542121,1.52
1762880077.260164,1.54
1762880077.266426,1.58
1762880077.27261,1.83
1762880077.278951,2.39
1762880077.285065,3.16
1762880077.291344,3.17
1762880077.297512,3.17
1762880077.3038468,3.14
1762880077.310088,1.45
1762880077.3164108,0.8
1762880077.3225758,1.71
1762880077.3288682,1.79
1762880077.33509,1.34
1762880077.341311,1.4
1762880077.347541,1.53
1762880077.353804,1.45
1762880077.360111,1.47
1762880077.366364,1.47
1762880077.372585,1.51
1762880077.378827,1.49
1762880077.3850791,1.42
1762880077.3912861,1.52
1762880077.39764,1.54
1762880077.4038,1.5
1762880077.410115,1.52
1762880077.416428,1.52
1762880077.422548,1.58
1762880077.4287858,1.57
1762880077.435083,1.52
1762880077.441317,1.6
1762880077.447458,1.58
1762880077.453752,1.59
1762880077.460143,1.65
1762880077.466357,1.6
1762880077.4724832,1.65
1762880077.479014,1.72
1762880077.484975,1.68
1762880077.491348,1.75
1762880077.497592,1.74
1762880077.503785,1.75
1762880077.510241,1.83
1762880077.516257,1.83
1762880077.5225768,1.85
1762880077.52917,1.84
1762880077.53515,1.83
1762880077.541377,1.9
1762880077.5475352,1.84
1762880077.554184,1.83
1762880077.5601642,1.84
1762880077.566396,1.72
1762880077.572635,1.68
1762880077.578943,1.65
1762880077.585057,1.56
1762880077.5913868,1.56
1762880077.597546,1.48
1762880077.6037362,1.48
1762880077.610005,1.5
1762880077.6162271,1.38
1762880077.622507,1.43
1762880077.628885,1.47
1762880077.634969,1.41
1762880077.641384,1.47
1762880077.647567,1.44
1762880077.653863,1.45
1762880077.660009,1.49
1762880077.6662312,1.41
1762880077.672572,1.48
1762880077.6788921,1.48
1762880077.685106,1.43
1762880077.6912,1.52
1762880077.6974552,1.5
1762880077.7036932,1.44
1762880077.7099679,1.53
1762880077.71621,1.5
1762880077.722466,1.5
1762880077.728726,1.52
1762880077.734945,1.5
1762880077.7412539,1.54
1762880077.747485,1.51
1762880077.753723,1.5
1762880077.760235,1.53
1762880077.766251,1.49
1762880077.7723992,1.48
1762880077.778836,1.49
1762880077.784953,1.5
1762880077.791241,1.54
1762880077.797471,1.52
1762880077.80369,1.51
1762880077.809993,1.52
1762880077.8161988,1.45
1762880077.822431,1.5
1762880077.828722,1.55
1762880077.834898,1.51
1762880077.841242,1.52
1762880077.847378,1.48
1762880077.853754,1.5
1762880077.8600361,1.56
1762880077.8664079,1.53
1762880077.87249,1.5
1762880077.878703,1.52
1762880077.884994,1.52
1762880077.891264,1.52
1762880077.897629,1.5
1762880077.903871,1.52
1762880077.910048,1.56
1762880077.916238,1.48
1762880077.922483,1.54
1762880077.9287128,1.6
1762880077.934939,1.6
1762880077.941275,1.66
1762880077.9475222,1.65
1762880077.9536629,1.71
1762880077.9603782,1.77
1762880077.966193,1.74
1762880077.9724889,1.68
1762880077.9787278,1.69
1762880077.984944,1.68
1762880077.991155,1.6
1762880077.997495,1.49
1762880078.003712,1.49
1762880078.01002,1.52
1762880078.016267,1.44
1762880078.0225868,1.45
1762880078.0287738,1.51
1762880078.0349069,1.51
1762880078.04127,1.5
1762880078.0474901,1.46
1762880078.053708,1.5
1762880078.0599601,1.54
1762880078.0661602,1.47
1762880078.072414,1.51
1762880078.07878,1.48
1762880078.084951,1.5
1762880078.091106,1.6
1762880078.097388,1.54
1762880078.103623,1.51
1762880078.109901,1.55
1762880078.1161458,1.66
1762880078.122447,1.92
1762880078.128822,2.47
1762880078.134896,3.16
1762880078.141334,3.17
1762880078.147459,3.17
1762880078.153654,3.06
1762880078.160029,1.24
1762880078.166125,0.87
1762880078.172351,1.75
1762880078.178648,1.76
1762880078.1849291,1.38
1762880078.1911008,1.44
1762880078.19738,1.52
1762880078.2037,1.48
1762880078.209982,1.49
1762880078.216107,1.43
1762880078.222429,1.45
1762880078.2286642,1.51
1762880078.234914,1.49
1762880078.241111,1.54
1762880078.247355,1.51
1762880078.253878,1.49
1762880078.260177,1.53
1762880078.2661288,1.52
1762880078.272446,1.56
1762880078.278707,1.56
1762880078.284837,1.53
1762880078.291208,1.57
1762880078.2974029,1.63
1762880078.3035672,1.67
1762880078.309914,1.69
1762880078.316125,1.62
1762880078.3223522,1.64
1762880078.328643,1.69
1762880078.33486,1.68
1762880078.341106,1.76
1762880078.3473349,1.79
1762880078.361011,1.78
1762880078.361685,1.81
1762880078.367869,1.8
1762880078.384507,1.88
1762880078.393972,1.89
1762880078.408313,1.79
1762880078.409747,1.87
1762880078.410049,1.9
1762880078.4103181,1.82
1762880078.4104981,1.82
1762880078.416359,1.74
1762880078.424193,1.71
1762880078.431935,1.64
1762880078.442612,1.53
1762880078.4434938,1.54
1762880078.4484842,1.49
1762880078.4538748,1.46
1762880078.460214,1.51
1762880078.466491,1.47
1762880078.472791,1.45
1762880078.4787788,1.44
1762880078.4850812,1.42
1762880078.491404,1.47
1762880078.497534,1.48
1762880078.5038002,1.46
1762880078.510557,1.47
1762880078.516219,1.41
1762880078.522416,1.47
1762880078.528676,1.54
1762880078.534941,1.47
1762880078.541257,1.51
1762880078.547393,1.53
1762880078.5536041,1.5
1762880078.559873,1.51
1762880078.5661151,1.5
1762880078.572404,1.52
1762880078.578818,1.5
1762880078.584811,1.49
1762880078.591083,1.53
1762880078.597352,1.54
1762880078.603568,1.49
1762880078.61006,1.52
1762880078.61609,1.5
1762880078.622349,1.52
1762880078.628722,1.53
1762880078.634827,1.49
1762880078.6411068,1.53
1762880078.6473658,1.51
1762880078.653601,1.48
1762880078.659947,1.52
1762880078.666068,1.56
1762880078.672346,1.57
1762880078.6786351,1.52
1762880078.684726,1.47
1762880078.6911411,1.54
1762880078.697262,1.54
1762880078.7035258,1.51
1762880078.709877,1.53
1762880078.7160351,1.47
1762880078.722246,1.52
1762880078.728523,1.56
1762880078.73473,1.53
1762880078.741247,1.57
1762880078.747266,1.61
1762880078.753621,1.64
1762880078.7603421,1.67
1762880078.766052,1.69
1762880078.772347,1.74
1762880078.778593,1.74
1762880078.78476,1.63
1762880078.791334,1.65
1762880078.79756,1.7
1762880078.803649,1.59
1762880078.80986,1.52
1762880078.81609,1.45
1762880078.8223438,1.5
1762880078.828573,1.52
1762880078.8347101,1.47
1762880078.841258,1.52
1762880078.8472252,1.49
1762880078.853516,1.45
1762880078.860391,1.5
1762880078.866009,1.48
1762880078.872339,1.46
1762880078.878618,1.51
1762880078.884692,1.5
1762880078.890978,1.54
1762880078.897224,1.53
1762880078.9035242,1.51
1762880078.909837,1.56
1762880078.9160671,1.53
1762880078.922285,1.57
1762880078.928446,1.68
1762880078.9346712,1.9
1762880078.9410272,2.65
1762880078.947287,3.17
1762880078.953474,3.17
1762880078.959805,3.17
1762880078.966044,2.99
1762880078.972266,1.16
1762880078.978538,1.05
1762880078.984767,1.74
1762880078.9911191,1.68
1762880078.997217,1.39
1762880079.0034828,1.42
1762880079.010426,1.53
1762880079.0160818,1.45
1762880079.022291,1.48
1762880079.0285408,1.52
1762880079.034676,1.45
1762880079.0410812,1.49
1762880079.0472069,1.47
1762880079.053452,1.49
1762880079.059975,1.57
1762880079.06599,1.51
1762880079.072232,1.52
1762880079.0784378,1.56
1762880079.084637,1.54
1762880079.091053,1.59
1762880079.097292,1.56
1762880079.103474,1.56
1762880079.110761,1.63
1762880079.1160169,1.59
1762880079.12219,1.6
1762880079.128489,1.67
1762880079.134776,1.65
1762880079.141015,1.71
1762880079.147253,1.72
1762880079.1534588,1.73
1762880079.15987,1.81
1762880079.166175,1.75
1762880079.172193,1.79
1762880079.178514,1.88
1762880079.184632,1.85
1762880079.1911628,1.84
1762880079.197151,1.84
1762880079.203583,1.8
1762880079.2097259,1.9
1762880079.216053,1.82
1762880079.222207,1.73
1762880079.228393,1.72
1762880079.234659,1.66
1762880079.241028,1.65
1762880079.247159,1.58
1762880079.2534,1.5
1762880079.259766,1.49
1762880079.265991,1.44
1762880079.2722628,1.46
1762880079.278382,1.49
1762880079.284765,1.43
1762880079.29102,1.44
1762880079.29722,1.46
1762880079.303442,1.44
1762880079.309925,1.46
1762880079.315915,1.45
1762880079.3222232,1.45
1762880079.3285272,1.49
1762880079.3346581,1.44
1762880079.341244,1.51
1762880079.3472629,1.5
1762880079.353436,1.47
1762880079.359916,1.53
1762880079.365941,1.48
1762880079.3725471,1.49
1762880079.378455,1.55
1762880079.384615,1.48
1762880079.3910642,1.47
1762880079.397148,1.56
1762880079.403449,1.54
1762880079.4104111,1.53
1762880079.4159412,1.51
1762880079.422316,1.51
1762880079.428519,1.51
1762880079.434688,1.51
1762880079.4408782,1.55
1762880079.4471722,1.54
1762880079.453438,1.47
1762880079.4596941,1.5
1762880079.4658911,1.5
1762880079.4721549,1.51
1762880079.4784682,1.49
1762880079.484621,1.46
1762880079.490877,1.49
1762880079.497143,1.53
1762880079.503409,1.53
1762880079.509742,1.63
1762880079.515902,1.61
1762880079.522107,1.58
1762880079.528353,1.66
1762880079.534624,1.72
1762880079.540857,1.77
1762880079.547026,1.7
1762880079.553397,1.62
1762880079.559598,1.69
1762880079.565873,1.54
1762880079.572075,1.45
1762880079.5782652,1.5
1762880079.584484,1.47
1762880079.590859,1.46
1762880079.5970402,1.38
1762880079.6033752,1.43
1762880079.609822,1.53
1762880079.615786,1.47
1762880079.622098,1.43
1762880079.628448,1.44
1762880079.6345909,1.45
1762880079.640857,1.51
1762880079.647135,1.51
1762880079.653375,1.45
1762880079.6596842,1.49
1762880079.665802,1.51
1762880079.672099,1.49
1762880079.678318,1.49
1762880079.6845329,1.48
1762880079.690822,1.59
1762880079.697183,1.74
1762880079.703445,2.12
1762880079.7095628,3.02
1762880079.7158248,3.17
1762880079.722079,3.17
1762880079.72836,3.17
1762880079.734528,2.26
1762880079.74086,0.8
1762880079.747093,1.33
1762880079.753342,1.76
1762880079.759819,1.48
1762880079.765868,1.32
1762880079.7721422,1.45
1762880079.7782242,1.46
1762880079.78448,1.37
1762880079.7908611,1.46
1762880079.797188,1.47
1762880079.803352,1.39
1762880079.809748,1.46
1762880079.816016,1.49
1762880079.82202,1.48
1762880079.828518,1.51
1762880079.8345091,1.45
1762880079.840825,1.5
1762880079.850827,1.55
1762880079.877792,1.5
1762880079.877912,1.53
1762880079.8779929,1.53
1762880079.878072,1.57
1762880079.8841321,1.57
1762880079.8944352,1.55
1762880079.894518,1.63
1762880079.900508,1.64
1762880079.90355,1.63
1762880079.911356,1.68
1762880079.916372,1.7
1762880079.922111,1.7
1762880079.9283898,1.76
1762880079.938307,1.73
1762880079.9409852,1.79
1762880079.947482,1.82
1762880079.953377,1.78
1762880079.960193,1.85
1762880079.966012,1.84
1762880079.972223,1.78
1762880079.978394,1.8
1762880079.9845161,1.78
1762880079.990866,1.75
1762880079.997132,1.6
1762880080.0040262,1.53
1762880080.0096571,1.59
1762880080.015766,1.5
1762880080.022092,1.43
1762880080.02838,1.49
1762880080.0346189,1.42
1762880080.0407832,1.43
1762880080.047033,1.47
1762880080.0532732,1.38
1762880080.059534,1.39
1762880080.065737,1.39
1762880080.0720582,1.42
1762880080.078264,1.45
1762880080.084512,1.35
1762880080.0907881,1.45
1762880080.097057,1.51
1762880080.103303,1.43
1762880080.109727,1.43
1762880080.1160052,1.45
1762880080.121929,1.46
1762880080.128302,1.47
1762880080.134548,1.47
1762880080.1407669,1.51
1762880080.147073,1.5
1762880080.1532621,1.47
1762880080.159692,1.52
1762880080.165751,1.52
1762880080.1721358,1.5
1762880080.178338,1.51
1762880080.184756,1.48
1762880080.190742,1.51
1762880080.196998,1.5
1762880080.203277,1.48
1762880080.209507,1.52
1762880080.215679,1.47
1762880080.221932,1.49
1762880080.2282739,1.52
1762880080.234576,1.45
1762880080.240716,1.49
1762880080.2469661,1.53
1762880080.253237,1.49
1762880080.260158,1.49
1762880080.265771,1.48
1762880080.272148,1.51
1762880080.278374,1.58
1762880080.2844758,1.58
1762880080.290703,1.59
1762880080.297011,1.65
1762880080.303255,1.75
1762880080.30987,1.77
1762880080.3156962,1.64
1762880080.321929,1.61
1762880080.328247,1.75
1762880080.334496,1.59
1762880080.3407,1.45
1762880080.3470132,1.49
1762880080.353169,1.48
1762880080.359426,1.44
1762880080.365707,1.41
1762880080.3719308,1.45
1762880080.378227,1.44
1762880080.384445,1.39
1762880080.390698,1.43
1762880080.3969018,1.47
1762880080.4033878,1.45
1762880080.4095712,1.48
1762880080.415679,1.43
1762880080.4219022,1.41
1762880080.428225,1.49
1762880080.434537,1.49
1762880080.440716,1.48
1762880080.4469519,1.48
1762880080.453203,1.48
1762880080.459428,1.55
1762880080.465732,1.65
1762880080.471976,1.95
1762880080.478234,2.7
1762880080.484443,3.17
1762880080.490669,3.17
1762880080.4969049,3.17
1762880080.503248,2.66
1762880080.50943,0.84
1762880080.5156438,1.09
1762880080.521921,1.82
1762880080.528182,1.59
1762880080.534424,1.27
1762880080.540736,1.45
1762880080.546933,1.52
1762880080.553189,1.4
1762880080.559654,1.41
1762880080.565751,1.41
1762880080.57199,1.43
1762880080.578238,1.49
1762880080.58439,1.47
1762880080.5908859,1.45
1762880080.5968928,1.43
1762880080.603185,1.42
1762880080.6093938,1.53
1762880080.6156611,1.54
1762880080.621909,1.52
1762880080.628132,1.55
1762880080.634356,1.51
1762880080.641052,1.55
1762880080.6468658,1.57
1762880080.653167,1.56
1762880080.65966,1.62
1762880080.665685,1.61
1762880080.6720488,1.63
1762880080.67823,1.7
1762880080.6843798,1.67
1762880080.69116,1.73
1762880080.697023,1.74
1762880080.703286,1.74
1762880080.709505,1.84
1762880080.715786,1.79
1762880080.721983,1.76
1762880080.728138,1.84
1762880080.734385,1.84
1762880080.740664,1.84
1762880080.746932,1.84
1762880080.7531872,1.78
1762880080.7594151,1.75
1762880080.765714,1.67
1762880080.7719831,1.6
1762880080.778142,1.58
1762880080.7844632,1.49
1762880080.791074,1.48
1762880080.796857,1.46
1762880080.8032231,1.43
1762880080.809412,1.45
1762880080.815582,1.41
1762880080.8220181,1.4
1762880080.8281841,1.43
1762880080.834316,1.41
1762880080.8406432,1.44
1762880080.846891,1.45
1762880080.853128,1.4
1762880080.859423,1.41
1762880080.865651,1.44
1762880080.871951,1.45
1762880080.878099,1.48
1762880080.8844879,1.45
1762880080.8906088,1.5
1762880080.896864,1.45
1762880080.903171,1.4
1762880080.909312,1.53
1762880080.915628,1.53
1762880080.921927,1.46
1762880080.9280908,1.49
1762880080.934315,1.47
1762880080.9409091,1.49
1762880080.946818,1.52
1762880080.953226,1.49
1762880080.959627,1.5
1762880080.965591,1.48
1762880080.9718888,1.51
1762880080.978179,1.52
1762880080.984365,1.45
1762880080.9910522,1.51
1762880080.9968882,1.52
1762880081.003125,1.48
1762880081.009384,1.52
1762880081.0156338,1.47
1762880081.0220978,1.45
1762880081.028022,1.52
1762880081.0343459,1.49
1762880081.04085,1.48
1762880081.0468469,1.52
1762880081.0533912,1.49
1762880081.059353,1.51
1762880081.065566,1.49
1762880081.072075,1.49
1762880081.078281,1.53
1762880081.0842938,1.56
1762880081.091779,1.62
1762880081.09685,1.67
1762880081.1033149,1.62
1762880081.1098828,1.75
1762880081.1156049,1.78
1762880081.122046,1.69
1762880081.2542121,1.61
1762880081.254596,1.67
1762880081.254848,1.64
1762880081.2555,1.52
1762880081.255778,1.45
1762880081.256017,1.47
1762880081.256255,1.46
1762880081.256507,1.44
1762880081.2590022,1.5
1762880081.2597601,1.46
1762880081.260212,1.46
1762880081.2607858,1.48
1762880081.261152,1.42
1762880081.261569,1.47
1762880081.261836,1.5
1762880081.262013,1.49
1762880081.26218,1.52
1762880081.262551,1.47
1762880081.2627509,1.49
1762880081.262908,1.52
1762880081.263075,1.52
1762880081.263241,1.55
1762880081.2658062,1.52
1762880081.284075,1.65
1762880081.2843661,2.06
1762880081.284566,2.73
1762880081.2936902,3.16
1762880081.2982552,3.17
1762880081.303027,3.17
1762880081.3095129,2.56
1762880081.3156621,0.78
1762880081.3218508,1.18
1762880081.328148,1.91
1762880081.334294,1.56
1762880081.340787,1.31
1762880081.346802,1.5
1762880081.353077,1.52
1762880081.359317,1.45
1762880081.3655438,1.41
1762880081.3718421,1.48
1762880081.378137,1.51
1762880081.38429,1.46
1762880081.3909519,1.5
1762880081.396754,1.5
1762880081.403157,1.49
1762880081.409447,1.53
1762880081.415502,1.53
1762880081.4218502,1.54
1762880081.428064,1.59
1762880081.434317,1.53
1762880081.4406002,1.55
1762880081.446763,1.6
1762880081.453165,1.6
1762880081.459279,1.65
1762880081.465622,1.59
1762880081.471808,1.61
1762880081.478008,1.73
1762880081.4843159,1.7
1762880081.49157,1.71
1762880081.496759,1.73
1762880081.503477,1.77
1762880081.5093062,1.84
1762880081.515713,1.78
1762880081.546944,1.78
1762880081.547168,1.88
1762880081.5473359,1.84
1762880081.547507,1.85
1762880081.547837,1.89
1762880081.553142,1.83
1762880081.559291,1.82
1762880081.565542,1.74
1762880081.572234,1.66
1762880081.578026,1.72
1762880081.584308,1.6
1762880081.590635,1.52
1762880081.596722,1.52
1762880081.6029801,1.46
1762880081.609359,1.48
1762880081.615558,1.47
1762880081.622188,1.44
1762880081.627978,1.44
1762880081.6342232,1.43
1762880081.6409779,1.42
1762880081.6467042,1.46
1762880081.653109,1.43
1762880081.6592362,1.48
1762880081.6654248,1.45
1762880081.671669,1.42
1762880081.677981,1.45
1762880081.684244,1.5
1762880081.690778,1.52
1762880081.696696,1.51
1762880081.703011,1.47
1762880081.709289,1.5
1762880081.7155058,1.52
1762880081.7216609,1.48
1762880081.727925,1.53
1762880081.734157,1.53
1762880081.7405849,1.54
1762880081.7466629,1.53
1762880081.752917,1.47
1762880081.759233,1.52
1762880081.765434,1.51
1762880081.771714,1.48
1762880081.777931,1.54
1762880081.7841852,1.5
1762880081.790761,1.5
1762880081.796679,1.5
1762880081.802958,1.45
1762880081.8092868,1.54
1762880081.815458,1.52
1762880081.821743,1.47
1762880081.8278852,1.52
1762880081.834173,1.54
1762880081.8404858,1.52
1762880081.846591,1.51
1762880081.8529558,1.47
1762880081.85916,1.53
1762880081.8653948,1.51
1762880081.8717551,1.5
1762880081.877892,1.54
1762880081.884165,1.5
1762880081.8907032,1.5
1762880081.8966,1.53
1762880081.902944,1.56
1762880081.909145,1.63
1762880081.9153228,1.59
1762880081.921707,1.61
1762880081.927913,1.7
1762880081.93422,1.75
1762880081.9405282,1.74
1762880081.9467342,1.68
1762880081.9530182,1.66
1762880081.959174,1.69
1762880081.9653509,1.56
1762880081.97191,1.49
1762880081.977914,1.49
1762880081.9841092,1.48
1762880081.990464,1.5
1762880081.996642,1.5
1762880082.003069,1.46
1762880082.0091321,1.49
1762880082.01542,1.47
1762880082.021895,1.46
1762880082.027947,1.5
1762880082.034164,1.42
1762880082.04048,1.49
1762880082.04662,1.53
1762880082.05289,1.47
1762880082.059084,1.53
1762880082.065388,1.52
1762880082.0716212,1.48
1762880082.077857,1.52
1762880082.084117,1.55
1762880082.090493,1.6
1762880082.0965388,1.74
1762880082.102935,2.07
1762880082.1091342,2.97
1762880082.115414,3.17
1762880082.1217122,3.17
1762880082.127841,3.16
1762880082.134124,1.91
1762880082.140438,0.66
1762880082.1467159,1.48
1762880082.15303,1.83
1762880082.1590998,1.5
1762880082.165453,1.37
1762880082.171676,1.45
1762880082.1779299,1.51
1762880082.18414,1.45
1762880082.190509,1.47
1762880082.196637,1.51
1762880082.202938,1.46
1762880082.2091541,1.49
1762880082.215295,1.52
1762880082.222047,1.5
1762880082.227869,1.52
1762880082.234144,1.5
1762880082.2404978,1.52
1762880082.246582,1.53
1762880082.252864,1.53
1762880082.2591932,1.59
1762880082.265419,1.6
1762880082.2716238,1.56
1762880082.277822,1.6
1762880082.2841449,1.61
1762880082.29053,1.65
1762880082.296534,1.68
1762880082.3028128,1.67
1762880082.309194,1.71
1762880082.315306,1.71
1762880082.321654,1.69
1762880082.327869,1.79
1762880082.334055,1.83
1762880082.340353,1.85
1762880082.346575,1.82
1762880082.352879,1.78
1762880082.359074,1.86
1762880082.365301,1.86
1762880082.371595,1.79
1762880082.3779252,1.84
1762880082.3840399,1.81
1762880082.3903449,1.74
1762880082.396588,1.69
1762880082.402913,1.61
1762880082.409102,1.6
1762880082.415314,1.53
1762880082.421917,1.48
1762880082.42782,1.52
1762880082.4339972,1.48
1762880082.44049,1.47
1762880082.4466481,1.46
1762880082.4529579,1.41
1762880082.459135,1.44
1762880082.465345,1.5
1762880082.471524,1.47
1762880082.477817,1.45
1762880082.4840372,1.41
1762880082.490332,1.49
1762880082.496564,1.5
1762880082.50284,1.44
1762880082.509008,1.49
1762880082.515442,1.49
1762880082.521554,1.51
1762880082.527863,1.54
1762880082.534067,1.47
1762880082.540267,1.51
1762880082.546463,1.55
1762880082.5529,1.5
1762880082.559103,1.55
1762880082.5653021,1.53
1762880082.571566,1.49
1762880082.577875,1.53
1762880082.584129,1.52
1762880082.590372,1.53
1762880082.5967412,1.53
1762880082.6028721,1.51
1762880082.609205,1.54
1762880082.615253,1.5
1762880082.621554,1.47
1762880082.636599,1.54
1762880082.6368608,1.52
1762880082.6457012,1.51
1762880082.649913,1.52
1762880082.658829,1.52
1762880082.663032,1.52
1762880082.669294,1.49
1762880082.6963341,1.52
1762880082.698766,1.55
1762880082.698947,1.48
1762880082.699081,1.52
1762880082.6992059,1.57
1762880082.70289,1.51
1762880082.709119,1.53
1762880082.727026,1.59
1762880082.727349,1.62
1762880082.728394,1.65
1762880082.746201,1.64
1762880082.749076,1.75
1762880082.749842,1.79
1762880082.752779,1.64
1762880082.759539,1.64
1762880082.7655199,1.72
1762880082.771612,1.61
1762880082.777834,1.51
1762880082.784385,1.47
1762880082.790387,1.49
1762880082.796596,1.52
1762880082.802809,1.45
1762880082.809173,1.48
1762880082.815347,1.47
1762880082.821562,1.45
1762880082.827733,1.52
1762880082.834317,1.5
1762880082.8402612,1.49
1762880082.846486,1.49
1762880082.852777,1.46
1762880082.859042,1.51
1762880082.86525,1.52
1762880082.871438,1.5
1762880082.8777258,1.54
1762880082.883904,1.53
1762880082.890193,1.56
1762880082.896414,1.62
1762880082.902721,1.75
1762880082.908857,2.26
1762880082.915154,3.12
1762880082.92146,3.17
1762880082.927708,3.17
1762880082.933917,3.16
1762880082.940301,1.81
1762880082.9464262,0.78
1762880082.9527,1.52
1762880082.958926,1.82
1762880082.965208,1.49
1762880082.972042,1.36
1762880082.977736,1.49
1762880082.983905,1.5
1762880082.99021,1.46
1762880082.9964259,1.48
1762880083.0028312,1.48
1762880083.0089211,1.52
1762880083.015241,1.5
1762880083.0214558,1.46
1762880083.027702,1.51
1762880083.033916,1.52
1762880083.0401988,1.51
1762880083.0464158,1.54
1762880083.052916,1.54
1762880083.05899,1.59
1762880083.065259,1.59
1762880083.0714948,1.55
1762880083.077783,1.6
1762880083.0839622,1.6
1762880083.090154,1.61
1762880083.096359,1.65
1762880083.102657,1.64
1762880083.108974,1.71
1762880083.115198,1.72
1762880083.121543,1.71
1762880083.127647,1.73
1762880083.1339278,1.74
1762880083.140204,1.83
1762880083.146433,1.85
1762880083.1528618,1.79
1762880083.158978,1.83
1762880083.165212,1.86
1762880083.171533,1.83
1762880083.177783,1.87
1762880083.1839502,1.79
1762880083.190173,1.78
1762880083.196504,1.74
1762880083.2028532,1.62
1762880083.2090292,1.63
1762880083.215182,1.61
1762880083.221489,1.52
1762880083.227632,1.5
1762880083.233928,1.46
1762880083.240159,1.45
1762880083.246423,1.47
1762880083.2526278,1.41
1762880083.258827,1.47
1762880083.265156,1.46
1762880083.2714,1.42
1762880083.277693,1.48
1762880083.2838988,1.46
1762880083.2902038,1.47
1762880083.296403,1.5
1762880083.3026261,1.43
1762880083.3088489,1.46
1762880083.3151639,1.5
1762880083.321701,1.51
1762880083.3276181,1.55
1762880083.3340402,1.48
1762880083.3401542,1.47
1762880083.346314,1.54
1762880083.352698,1.51
1762880083.3589199,1.51
1762880083.3651452,1.5
1762880083.3714151,1.51
1762880083.37765,1.57
1762880083.383889,1.52
1762880083.39011,1.51
1762880083.396344,1.54
1762880083.402764,1.51
1762880083.408844,1.53
1762880083.415103,1.53
1762880083.421433,1.51
1762880083.4276679,1.52
1762880083.433876,1.49
1762880083.440098,1.52
1762880083.446285,1.57
1762880083.453135,1.48
1762880083.458889,1.47
1762880083.46508,1.51
1762880083.47161,1.53
1762880083.477621,1.54
1762880083.484233,1.48
1762880083.4900951,1.59
1762880083.496314,1.66
1762880083.502607,1.58
1762880083.508755,1.67
1762880083.51507,1.77
1762880083.5213351,1.74
1762880083.527547,1.67
1762880083.533807,1.64
1762880083.5401442,1.69
1762880083.5463722,1.6
1762880083.552591,1.42
1762880083.558908,1.51
1762880083.565139,1.52
1762880083.571445,1.44
1762880083.577576,1.48
1762880083.5838091,1.44
1762880083.590048,1.45
1762880083.596312,1.49
1762880083.603362,1.44
1762880083.60889,1.47
1762880083.615107,1.48
1762880083.6214159,1.44
1762880083.627584,1.48
1762880083.634017,1.48
1762880083.640312,1.51
1762880083.646265,1.55
1762880083.652767,1.48
1762880083.658955,1.51
1762880083.665028,1.54
1762880083.671307,1.54
1762880083.6775072,1.69
1762880083.683821,2.02
1762880083.690062,2.84
1762880083.6962821,3.17
1762880083.702649,3.17
1762880083.708857,3.17
1762880083.7150111,2.58
1762880083.7212968,0.82
1762880083.727545,1.21
1762880083.7340732,1.8
1762880083.74002,1.56
1762880083.7463439,1.32
1762880083.752673,1.4
1762880083.758917,1.52
1762880083.7649941,1.47
1762880083.7712991,1.38
1762880083.7775779,1.44
1762880083.783746,1.47
1762880083.7900999,1.46
1762880083.796417,1.5
1762880083.8025222,1.47
1762880083.808755,1.48
1762880083.8150148,1.52
1762880083.82153,1.49
1762880083.8275478,1.53
1762880083.833719,1.54
1762880083.8399858,1.54
1762880083.846379,1.56
1762880083.8526342,1.52
1762880083.8587918,1.58
1762880083.8649879,1.61
1762880083.8716831,1.58
1762880083.877735,1.65
1762880083.884068,1.65
1762880083.8900301,1.65
1762880083.896259,1.7
1762880083.9026492,1.69
1762880083.908772,1.77
1762880083.9149811,1.8
1762880083.921333,1.76
1762880083.927586,1.82
1762880083.933793,1.82
1762880083.939975,1.82
1762880083.9462469,1.81
1762880083.952802,1.8
1762880083.958805,1.84
1762880083.9650822,1.8
1762880083.971333,1.69
1762880083.9775848,1.68
1762880083.983755,1.61
1762880083.989963,1.53
1762880083.996206,1.52
1762880084.0026581,1.48
1762880084.0087318,1.47
1762880084.0151072,1.45
1762880084.02147,1.36
1762880084.02757,1.44
1762880084.033826,1.46
1762880084.040097,1.43
1762880084.046378,1.42
1762880084.0525272,1.39
1762880084.0714822,1.44
1762880084.098753,1.45
1762880084.099972,1.43
1762880084.100113,1.48
1762880084.100238,1.44
1762880084.1003551,1.43
1762880084.1004732,1.52
1762880084.1166441,1.48
1762880084.1291451,1.48
1762880084.1322188,1.5
1762880084.1326249,1.48
1762880084.1329181,1.48
1762880084.133801,1.52
1762880084.1400619,1.51
1762880084.147098,1.52
1762880084.156706,1.49
1762880084.158784,1.52
1762880084.16503,1.5
1762880084.1744971,1.42
1762880084.178068,1.49
1762880084.184051,1.52
1762880084.190252,1.47
1762880084.1962612,1.49
1762880084.202623,1.48
1762880084.2089732,1.49
1762880084.215133,1.51
1762880084.22143,1.48
1762880084.227642,1.49
1762880084.23388,1.49
1762880084.240101,1.47
1762880084.246471,1.5
1762880084.2526689,1.47
1762880084.258847,1.5
1762880084.265096,1.49
1762880084.271326,1.47
1762880084.2774882,1.52
1762880084.284033,1.49
1762880084.290003,1.48
1762880084.296164,1.53
1762880084.302516,1.54
1762880084.30862,1.61
1762880084.31487,1.64
1762880084.3212988,1.61
1762880084.327611,1.74
1762880084.333697,1.76
1762880084.339939,1.69
1762880084.346129,1.65
1762880084.352471,1.6
1762880084.358641,1.62
1762880084.3648498,1.58
1762880084.371202,1.47
1762880084.3776371,1.48
1762880084.383623,1.47
1762880084.389892,1.44
1762880084.396217,1.45
1762880084.4024289,1.42
1762880084.408743,1.44
1762880084.414916,1.5
1762880084.42177,1.44
1762880084.427435,1.48
1762880084.433697,1.47
1762880084.439935,1.48
1762880084.446143,1.5
1762880084.452506,1.48
1762880084.458575,1.52
1762880084.4649549,1.52
1762880084.471215,1.49
1762880084.477352,1.54
1762880084.4838881,1.54
1762880084.48992,1.62
1762880084.4961479,1.9
1762880084.5024571,2.45
1762880084.5086799,3.17
1762880084.514935,3.17
1762880084.521198,3.17
1762880084.527373,3.08
1762880084.533642,1.19
1762880084.539861,0.89
1762880084.546112,1.76
1762880084.552446,1.71
1762880084.55881,1.37
1762880084.564967,1.4
1762880084.5716538,1.49
1762880084.577398,1.49
1762880084.583613,1.41
1762880084.589854,1.44
1762880084.596185,1.49
1762880084.602526,1.44
1762880084.608605,1.47
1762880084.61488,1.49
1762880084.6212668,1.44
1762880084.627415,1.53
1762880084.6337779,1.5
1762880084.6398652,1.48
1762880084.6461499,1.56
1762880084.6526148,1.52
1762880084.6588259,1.55
1762880084.66496,1.58
1762880084.671189,1.55
1762880084.677362,1.62
1762880084.683845,1.64
1762880084.689822,1.61
1762880084.696137,1.62
1762880084.702512,1.65
1762880084.708525,1.73
1762880084.7148001,1.74
1762880084.721163,1.72
1762880084.727505,1.82
1762880084.7336168,1.81
1762880084.739924,1.79
1762880084.746146,1.83
1762880084.7524679,1.8
1762880084.758559,1.87
1762880084.76486,1.87
1762880084.77114,1.8
1762880084.777318,1.81
1762880084.7838452,1.77
1762880084.7898471,1.7
1762880084.796097,1.66
1762880084.802465,1.56
1762880084.808652,1.57
1762880084.814878,1.54
1762880084.821159,1.44
1762880084.8273249,1.44
1762880084.8336089,1.45
1762880084.839819,1.45
1762880084.846029,1.46
1762880084.852399,1.39
1762880084.858579,1.42
1762880084.8648,1.48
1762880084.871275,1.42
1762880084.87737,1.44
1762880084.8837051,1.41
1762880084.8898509,1.43
1762880084.8961148,1.48
1762880084.902406,1.45
1762880084.908618,1.5
1762880084.914834,1.49
1762880084.9211578,1.43
1762880084.927319,1.5
1762880084.933661,1.51
1762880084.9399,1.46
1762880084.946018,1.47
1762880084.95232,1.49
1762880084.95855,1.55
1762880084.964799,1.51
1762880084.971135,1.48
1762880084.97731,1.54
1762880084.983551,1.49
1762880084.9898298,1.48
1762880084.996029,1.52
1762880085.002362,1.48
1762880085.008589,1.51
1762880085.014828,1.52
1762880085.0214982,1.45
1762880085.027344,1.51
1762880085.033548,1.51
1762880085.039794,1.48
1762880085.046133,1.52
1762880085.052364,1.49
1762880085.0585542,1.5
1762880085.0647738,1.52
1762880085.0712588,1.46
1762880085.077324,1.5
1762880085.0835662,1.49
1762880085.0898361,1.5
1762880085.096009,1.51
1762880085.1023731,1.47
1762880085.108553,1.52
1762880085.114773,1.53
1762880085.1211479,1.46
1762880085.127307,1.52
1762880085.1334841,1.52
1762880085.139814,1.52
1762880085.1459782,1.55
1762880085.1524942,1.51
1762880085.1585312,1.54
1762880085.1647942,1.63
1762880085.171329,1.63
1762880085.1773188,1.66
1762880085.183518,1.64
1762880085.1897779,1.69
1762880085.1960802,1.78
1762880085.202691,1.7
1762880085.2085152,1.67
1762880085.21473,1.7
1762880085.221122,1.56
1762880085.227245,1.51
1762880085.23373,1.52
1762880085.239846,1.47
1762880085.246218,1.48
1762880085.252336,1.48
1762880085.258666,1.5
1762880085.26476,1.49
1762880085.2719638,1.46
1762880085.277257,1.52
1762880085.283499,1.48
1762880085.289784,1.44
1762880085.2959301,1.51
1762880085.3022552,1.47
1762880085.308488,1.5
1762880085.314791,1.54
1762880085.321821,1.51
1762880085.327212,1.52
1762880085.3334641,1.53
1762880085.339819,1.53
1762880085.346019,1.6
1762880085.352604,1.72
1762880085.358489,2.03
1762880085.3647318,2.75
1762880085.371107,3.17
1762880085.3771799,3.17
1762880085.3834822,3.17
1762880085.389738,2.46
1762880085.396002,0.77
1762880085.402278,1.23
1762880085.4084852,1.87
1762880085.414752,1.59
1762880085.421002,1.32
1762880085.427218,1.48
1762880085.433573,1.5
1762880085.439772,1.43
1762880085.446176,1.46
1762880085.452378,1.47
1762880085.458591,1.49
1762880085.464812,1.5
1762880085.4714382,1.48
1762880085.4824011,1.53
1762880085.494712,1.5
1762880085.49492,1.5
1762880085.508961,1.54
1762880085.517817,1.52
1762880085.520173,1.55
1762880085.5203688,1.57
1762880085.5280168,1.54
1762880085.5300648,1.61
1762880085.537313,1.62
1762880085.540768,1.59
1762880085.546571,1.63
1762880085.552358,1.64
1762880085.558434,1.67
1762880085.57131,1.71
1762880085.571668,1.72
1762880085.577266,1.8
1762880085.583485,1.79
1762880085.5897238,1.73
1762880085.596128,1.81
1762880085.602263,1.84
1762880085.60846,1.84
1762880085.614899,1.81
1762880085.6210089,1.82
1762880085.627329,1.94
1762880085.6334562,1.85
1762880085.6398919,1.77
1762880085.645943,1.8
1762880085.6521878,1.71
1762880085.658624,1.65
1762880085.664917,1.64
1762880085.67099,1.56
1762880085.677294,1.53
1762880085.683487,1.48
1762880085.689733,1.45
1762880085.696169,1.46
1762880085.702296,1.42
1762880085.708528,1.45
1762880085.7147589,1.47
1762880085.721493,1.43
1762880085.727222,1.47
1762880085.7336671,1.46
1762880085.7398021,1.44
1762880085.745964,1.45
1762880085.752288,1.44
1762880085.758477,1.49
1762880085.76478,1.51
1762880085.770953,1.45
1762880085.777183,1.51
1762880085.783406,1.5
1762880085.7899039,1.48
1762880085.796143,1.55
1762880085.80228,1.51
1762880085.808445,1.49
1762880085.8146508,1.53
1762880085.820971,1.47
1762880085.827116,1.52
1762880085.8334148,1.53
1762880085.839714,1.51
1762880085.8458428,1.51
1762880085.8521678,1.51
1762880085.858464,1.53
1762880085.864738,1.52
1762880085.87091,1.47
1762880085.877192,1.52
1762880085.883421,1.52
1762880085.889712,1.49
1762880085.895923,1.5
1762880085.9028008,1.48
1762880085.908451,1.5
1762880085.914813,1.54
1762880085.9212701,1.49
1762880085.927225,1.52
1762880085.933413,1.49
1762880085.939751,1.5
1762880085.945941,1.55
1762880085.9537,1.49
1762880085.9583879,1.49
1762880085.964661,1.54
1762880085.97137,1.48
1762880085.97713,1.52
1762880085.9838238,1.54
1762880085.989623,1.52
1762880085.995808,1.53
1762880086.002198,1.5
1762880086.008331,1.54
1762880086.014557,1.62
1762880086.0208929,1.61
1762880086.027103,1.63
1762880086.033588,1.7
1762880086.0396092,1.76
1762880086.045821,1.75
1762880086.052392,1.66
1762880086.058316,1.62
1762880086.064565,1.68
1762880086.070816,1.57
1762880086.077101,1.55
1762880086.083603,1.5
1762880086.089571,1.45
1762880086.095961,1.53
1762880086.102945,1.48
1762880086.108348,1.46
1762880086.114602,1.49
1762880086.1208498,1.49
1762880086.127132,1.51
1762880086.133771,1.47
1762880086.139597,1.5
1762880086.145887,1.52
1762880086.153619,1.48
1762880086.158331,1.52
1762880086.1646478,1.54
1762880086.171017,1.5
1762880086.177073,1.5
1762880086.183657,1.52
1762880086.189558,1.56
1762880086.1957881,1.67
1762880086.2034419,1.75
1762880086.20832,2.18
1762880086.214575,3.06
1762880086.2208982,3.17
1762880086.227083,3.17
1762880086.2334132,3.15
1762880086.2396748,1.61
1762880086.245866,0.76
1762880086.253699,1.61
1762880086.258315,1.83
1762880086.264551,1.45
1762880086.2709582,1.35
1762880086.2770948,1.53
1762880086.2833421,1.51
1762880086.289603,1.43
1762880086.295839,1.5
1762880086.303505,1.47
1762880086.315381,1.49
1762880086.3301702,1.51
1762880086.3303602,1.48
1762880086.330554,1.52
1762880086.33763,1.52
1762880086.339533,1.52
1762880086.34577,1.52
1762880086.3533351,1.54
1762880086.3583791,1.59
1762880086.364693,1.6
1762880086.370771,1.55
1762880086.3770921,1.61
1762880086.383339,1.62
1762880086.389639,1.62
1762880086.3958468,1.67
1762880086.4032462,1.65
1762880086.408244,1.67
1762880086.414625,1.71
1762880086.420762,1.73
1762880086.4270751,1.78
1762880086.433394,1.76
1762880086.439432,1.76
1762880086.445719,1.81
1762880086.4521012,1.8
1762880086.458385,1.84
1762880086.464517,1.85
1762880086.4708421,1.81
1762880086.4771142,1.86
1762880086.4833012,1.86
1762880086.4895601,1.77
1762880086.4959931,1.76
1762880086.502265,1.7
1762880086.50842,1.64
1762880086.5146759,1.59
1762880086.520844,1.52
1762880086.527092,1.53
1762880086.53322,1.5
1762880086.5395231,1.45
1762880086.545751,1.47
1762880086.552184,1.39
1762880086.558193,1.44
1762880086.564482,1.5
1762880086.570828,1.44
1762880086.57706,1.46
1762880086.583416,1.44
1762880086.589539,1.44
1762880086.595801,1.49
1762880086.602019,1.46
1762880086.60835,1.45
1762880086.6144938,1.48
1762880086.620699,1.47
1762880086.626979,1.52
1762880086.633405,1.48
1762880086.639457,1.46
1762880086.6456478,1.54
1762880086.652098,1.48
1762880086.65814,1.47
1762880086.664479,1.54
1762880086.670669,1.52
1762880086.676995,1.54
1762880086.6833532,1.52
1762880086.689503,1.48
1762880086.695748,1.53
1762880086.7022898,1.5
1762880086.708255,1.49
1762880086.714557,1.51
1762880086.7208362,1.48
1762880086.7270641,1.53
1762880086.733589,1.51
1762880086.73951,1.45
1762880086.74587,1.52
1762880086.7522612,1.51
1762880086.7583659,1.52
1762880086.7645419,1.52
1762880086.770893,1.49
1762880086.776973,1.5
1762880086.783305,1.52
1762880086.789598,1.5
1762880086.795892,1.52
1762880086.803082,1.5
1762880086.808334,1.52
1762880086.814544,1.54
1762880086.820778,1.52
1762880086.8270028,1.51
1762880086.833261,1.5
1762880086.839502,1.5
1762880086.845897,1.56
1762880086.852167,1.52
1762880086.858271,1.53
1762880086.8648078,1.55
1762880086.870795,1.52
1762880086.87698,1.62
1762880086.883234,1.66
1762880086.889456,1.62
1762880086.895634,1.7
1762880086.902186,1.75
1762880086.937106,1.74
1762880086.9449549,1.67
1762880086.957396,1.64
1762880086.961515,1.71
1762880086.961639,1.61
1762880086.969902,1.5
1762880086.973946,1.52
1762880086.975494,1.5
1762880086.975741,1.48
1762880086.975924,1.5
1762880086.976189,1.46
1762880086.976939,1.51
1762880086.983254,1.51
1762880086.992522,1.47
1762880086.9956548,1.51
1762880087.0030138,1.48
1762880087.00823,1.49
1762880087.014488,1.55
1762880087.020813,1.51
1762880087.0270028,1.52
1762880087.033252,1.53
1762880087.039449,1.52
1762880087.04573,1.56
1762880087.053313,1.58
1762880087.058223,1.7
1762880087.064438,1.97
1762880087.070719,2.59
1762880087.076992,3.17
1762880087.083154,3.17
1762880087.089411,3.17
1762880087.0956821,2.79
1762880087.102772,0.91
1762880087.108167,1.07
1762880087.11442,1.87
1762880087.120639,1.63
1762880087.1268969,1.35
1762880087.133211,1.48
1762880087.139395,1.51
1762880087.1456919,1.47
1762880087.151993,1.46
1762880087.158072,1.51
1762880087.1643038,1.52
1762880087.1706839,1.47
1762880087.1769018,1.52
1762880087.183221,1.52
1762880087.189356,1.47
1762880087.1955788,1.56
1762880087.202241,1.59
1762880087.208289,1.55
1762880087.2143638,1.54
1762880087.220698,1.54
1762880087.226953,1.6
1762880087.233165,1.61
1762880087.239406,1.59
1762880087.2456179,1.63
1762880087.252235,1.64
1762880087.258173,1.64
1762880087.264468,1.66
1762880087.270792,1.68
1762880087.276968,1.74
1762880087.2831502,1.75
1762880087.289241,1.75
1762880087.295702,1.8
1762880087.302662,1.79
1762880087.308112,1.82
1762880087.31439,1.86
1762880087.3206022,1.83
1762880087.326905,1.87
1762880087.333083,1.85
1762880087.339288,1.83
1762880087.345658,1.85
1762880087.3520021,1.78
1762880087.358135,1.72
1762880087.3646562,1.7
1762880087.370655,1.59
1762880087.376899,1.55
1762880087.383095,1.55
1762880087.38933,1.52
1762880087.395664,1.49
1762880087.402559,1.42
1762880087.408082,1.42
1762880087.414369,1.51
1762880087.4206479,1.45
1762880087.4267662,1.45
1762880087.4331331,1.5
1762880087.4392629,1.43
1762880087.44574,1.43
1762880087.452126,1.48
1762880087.458067,1.51
1762880087.4643142,1.51
1762880087.470546,1.47
1762880087.476831,1.51
1762880087.4831018,1.52
1762880087.489399,1.47
1762880087.495616,1.52
1762880087.501961,1.51
1762880087.508075,1.48
1762880087.5145018,1.53
1762880087.520763,1.52
1762880087.526879,1.54
1762880087.5331898,1.52
1762880087.539347,1.5
1762880087.545614,1.56
1762880087.552052,1.55
1762880087.558236,1.54
1762880087.564446,1.55
1762880087.570799,1.48
1762880087.576809,1.52
1762880087.583143,1.54
1762880087.5893629,1.51
1762880087.5957172,1.52
1762880087.6022122,1.5
1762880087.608334,1.5
1762880087.6145332,1.51
1762880087.620613,1.48
1762880087.6268318,1.54
1762880087.633416,1.53
1762880087.639488,1.49
1762880087.6457229,1.54
1762880087.6519182,1.5
1762880087.6580942,1.47
1762880087.664551,1.55
1762880087.67059,1.57
1762880087.676875,1.61
1762880087.683109,1.59
1762880087.689439,1.58
1762880087.6956558,1.71
1762880087.702102,1.74
1762880087.708024,1.73
1762880087.714574,1.67
1762880087.720609,1.63
1762880087.726877,1.7
1762880087.7335,1.61
1762880087.7392929,1.49
1762880087.745578,1.51
1762880087.7518091,1.47
1762880087.758046,1.45
1762880087.764273,1.48
1762880087.7706828,1.46
1762880087.7767081,1.48
1762880087.782989,1.51
1762880087.789363,1.49
1762880087.795517,1.5
1762880087.8020291,1.47
1762880087.808203,1.49
1762880087.81443,1.52
1762880087.820645,1.46
1762880087.826813,1.52
1762880087.833102,1.54
1762880087.8392692,1.51
1762880087.84558,1.54
1762880087.8522902,1.51
1762880087.858043,1.64
1762880087.8643682,1.85
1762880087.87076,2.17
1762880087.876852,3.06
1762880087.883094,3.17
1762880087.8892941,3.17
1762880087.8955362,3.17
1762880087.902644,2.02
