timestamp,ecg_value
1762880142.1109068,3.17
1762880142.117057,3.17
1762880142.123234,3.17
1762880142.129486,3.17
1762880142.135801,3.15
1762880142.1419442,2.86
1762880142.148254,2.22
1762880142.154651,1.47
1762880142.160746,0.88
1762880142.16701,0.61
1762880142.173156,0.7
1762880142.179488,1.03
1762880142.18596,1.45
1762880142.192066,1.76
1762880142.1980858,1.9
1762880142.2044349,1.86
1762880142.210732,1.65
1762880142.2169511,1.47
1762880142.223146,1.55
1762880142.229974,1.3
1762880142.2357728,1.61
1762880142.2420511,1.48
1762880142.248102,1.36
1762880142.254551,1.68
1762880142.260798,1.38
1762880142.266934,1.51
1762880142.273247,1.64
1762880142.2794182,1.28
1762880142.285631,1.67
1762880142.291883,1.6
1762880142.298207,1.43
1762880142.304385,1.73
1762880142.310644,1.48
1762880142.316915,1.62
1762880142.323328,1.73
1762880142.3299,1.4
1762880142.335673,1.75
1762880142.342007,1.64
1762880142.348178,1.53
1762880142.3544772,1.89
1762880142.360713,1.59
1762880142.367011,1.72
1762880142.373158,1.88
1762880142.37967,1.6
1762880142.385639,1.96
1762880142.3921049,1.88
1762880142.3982668,1.71
1762880142.404605,2.03
1762880142.410843,1.77
1762880142.41694,1.85
1762880142.423266,2.06
1762880142.429405,1.69
1762880142.43561,1.96
1762880142.442123,1.83
1762880142.4482172,1.61
1762880142.45435,1.86
1762880142.460654,1.53
1762880142.466913,1.57
1762880142.473173,1.69
1762880142.479557,1.31
1762880142.4856162,1.58
1762880142.49185,1.49
1762880142.498205,1.29
1762880142.5043998,1.63
1762880142.510587,1.37
1762880142.517,1.45
1762880142.523087,1.58
1762880142.529404,1.29
1762880142.535554,1.59
1762880142.5417972,1.49
1762880142.54811,1.3
1762880142.55433,1.64
1762880142.560628,1.39
1762880142.56687,1.48
1762880142.5731149,1.67
1762880142.5793762,1.33
1762880142.5855832,1.6
1762880142.591845,1.52
1762880142.598187,1.35
1762880142.604366,1.69
1762880142.610713,1.42
1762880142.61694,1.51
1762880142.62313,1.67
1762880142.629759,1.33
1762880142.635554,1.63
1762880142.6419132,1.61
1762880142.6482,1.41
1762880142.654305,1.68
1762880142.660473,1.4
1762880142.666821,1.51
1762880142.673124,1.66
1762880142.6794639,1.36
1762880142.685559,1.65
1762880142.69177,1.54
1762880142.698156,1.35
1762880142.70437,1.68
1762880142.710631,1.44
1762880142.716834,1.51
1762880142.7231119,1.65
1762880142.7294002,1.35
1762880142.735554,1.66
1762880142.741759,1.58
1762880142.74804,1.35
1762880142.7543511,1.69
1762880142.7605069,1.45
1762880142.766928,1.52
1762880142.773262,1.66
1762880142.779412,1.34
1762880142.785685,1.7
1762880142.79211,1.65
1762880142.805231,1.51
1762880142.828788,1.8
1762880142.8336372,1.58
1762880142.8337579,1.73
1762880142.833838,1.9
1762880142.833917,1.49
1762880142.838214,1.76
1762880142.845031,1.73
1762880142.851978,1.41
1762880142.857654,1.66
1762880142.8608692,1.37
1762880142.867303,1.46
1762880142.874998,1.66
1762880142.8792331,1.3
1762880142.885988,1.52
1762880142.8917,1.53
1762880142.898079,1.37
1762880142.904384,1.66
1762880142.910594,1.42
1762880142.916716,1.48
1762880142.923245,1.65
1762880142.929237,1.3
1762880142.935456,1.63
1762880142.942105,1.57
1762880142.948213,1.36
1762880142.9543092,1.7
1762880142.960596,1.44
1762880142.9667358,1.57
1762880142.973309,1.86
1762880142.9793751,1.77
1762880142.9856389,2.69
1762880142.991998,3.17
1762880142.99809,3.17
1762880143.0044641,3.17
1762880143.0105002,2.96
1762880143.016865,1.19
1762880143.02305,1.14
1762880143.029294,1.54
1762880143.035554,1.76
1762880143.041952,1.41
1762880143.048049,1.23
1762880143.054304,1.68
1762880143.060628,1.39
1762880143.066668,1.41
1762880143.0729852,1.63
1762880143.080142,1.32
1762880143.085464,1.57
1762880143.091892,1.54
1762880143.098103,1.34
1762880143.1044202,1.68
1762880143.1106849,1.43
1762880143.1169212,1.49
1762880143.123188,1.69
1762880143.129396,1.34
1762880143.1355221,1.63
1762880143.141771,1.62
1762880143.148073,1.41
1762880143.154208,1.74
1762880143.160532,1.52
1762880143.1667352,1.57
1762880143.173013,1.78
1762880143.179318,1.52
1762880143.185524,1.78
1762880143.191752,1.72
1762880143.197945,1.57
1762880143.204205,1.97
1762880143.210444,1.72
1762880143.216779,1.76
1762880143.222949,2.01
1762880143.2292202,1.64
1762880143.235403,1.95
1762880143.241728,1.95
1762880143.248052,1.68
1762880143.2542279,1.99
1762880143.260471,1.71
1762880143.26678,1.7
1762880143.273021,1.85
1762880143.279226,1.46
1762880143.2853918,1.63
1762880143.291722,1.57
1762880143.297993,1.33
1762880143.304181,1.64
1762880143.310457,1.35
1762880143.3166962,1.35
1762880143.322937,1.62
1762880143.329237,1.27
1762880143.33536,1.49
1762880143.341769,1.45
1762880143.348031,1.21
1762880143.354284,1.6
1762880143.3604438,1.41
1762880143.3666291,1.41
1762880143.3729548,1.56
1762880143.3793411,1.25
1762880143.3854442,1.55
1762880143.391667,1.49
1762880143.397888,1.27
1762880143.4043,1.67
1762880143.410483,1.44
1762880143.416783,1.43
1762880143.42297,1.6
1762880143.4295979,1.3
1762880143.435411,1.61
1762880143.441664,1.58
1762880143.448035,1.33
1762880143.4541829,1.65
1762880143.460439,1.45
1762880143.466729,1.48
1762880143.472909,1.64
1762880143.479527,1.28
1762880143.485397,1.61
1762880143.491671,1.6
1762880143.497953,1.31
1762880143.504108,1.67
1762880143.5103738,1.44
1762880143.516723,1.43
1762880143.522887,1.61
1762880143.529632,1.32
1762880143.535371,1.59
1762880143.5415711,1.53
1762880143.5481331,1.31
1762880143.554126,1.67
1762880143.560415,1.45
1762880143.566765,1.44
1762880143.572976,1.68
1762880143.579268,1.46
1762880143.585309,1.71
1762880143.591707,1.64
1762880143.59787,1.49
1762880143.604119,1.93
1762880143.610375,1.65
1762880143.6166558,1.54
1762880143.6229172,1.8
1762880143.629379,1.48
1762880143.635405,1.57
1762880143.641601,1.51
1762880143.647889,1.27
1762880143.6540601,1.64
1762880143.660348,1.4
1762880143.666566,1.37
1762880143.6728802,1.6
1762880143.679533,1.28
1762880143.685379,1.53
1762880143.6916401,1.51
1762880143.6978428,1.3
1762880143.704112,1.66
1762880143.710376,1.4
1762880143.716575,1.38
1762880143.722869,1.65
1762880143.729593,1.37
1762880143.735316,1.55
1762880143.7415612,1.5
1762880143.7478988,1.35
1762880143.754173,1.72
1762880143.760347,1.57
1762880143.766675,1.83
1762880143.772969,2.73
1762880143.77921,3.16
1762880143.7853289,3.17
1762880143.791533,3.17
1762880143.797877,3.01
1762880143.804092,1.28
1762880143.810306,0.77
1762880143.8166862,1.68
1762880143.822882,1.89
1762880143.8293152,1.15
1762880143.835314,1.44
1762880143.841537,1.56
1762880143.847857,1.28
1762880143.8540878,1.57
1762880143.860357,1.35
1762880143.8666291,1.38
1762880143.872927,1.6
1762880143.8791869,1.27
1762880143.885313,1.52
1762880143.891538,1.57
1762880143.897792,1.3
1762880143.904143,1.65
1762880143.9103382,1.47
1762880143.9165509,1.45
1762880143.9227798,1.68
1762880143.9291148,1.38
1762880143.935316,1.64
1762880143.941588,1.62
1762880143.9477918,1.39
1762880143.9540732,1.79
1762880143.960323,1.58
1762880143.966492,1.55
1762880143.972769,1.82
1762880143.979122,1.53
1762880143.9852648,1.8
1762880143.991487,1.86
1762880143.997779,1.59
1762880144.004075,1.94
1762880144.010321,1.76
1762880144.0164852,1.76
1762880144.0228171,2.0
1762880144.029133,1.65
1762880144.035373,1.89
1762880144.041507,1.96
1762880144.047938,1.62
1762880144.054036,1.84
1762880144.0602539,1.61
1762880144.066574,1.57
1762880144.072821,1.73
1762880144.079072,1.31
1762880144.085373,1.55
1762880144.0915258,1.55
1762880144.097742,1.25
1762880144.1040242,1.56
1762880144.11025,1.34
1762880144.1165051,1.36
1762880144.122792,1.62
1762880144.129034,1.25
1762880144.135254,1.46
1762880144.141512,1.5
1762880144.147776,1.23
1762880144.154043,1.57
1762880144.1603131,1.42
1762880144.166591,1.36
1762880144.172755,1.59
1762880144.179104,1.29
1762880144.1853912,1.54
1762880144.191537,1.56
1762880144.1977339,1.3
1762880144.2039812,1.61
1762880144.2102468,1.44
1762880144.2236748,1.44
1762880144.261007,1.65
1762880144.264334,1.31
1762880144.280311,1.55
1762880144.2804322,1.61
1762880144.280527,1.34
1762880144.280873,1.65
1762880144.281004,1.45
1762880144.28509,1.43
1762880144.285695,1.67
1762880144.2866502,1.35
1762880144.286818,1.56
1762880144.291509,1.57
1762880144.300164,1.31
1762880144.304162,1.64
1762880144.3107562,1.46
1762880144.316503,1.44
1762880144.322772,1.67
1762880144.329062,1.34
1762880144.3353379,1.55
1762880144.341485,1.59
1762880144.347708,1.36
1762880144.354084,1.69
1762880144.3602161,1.47
1762880144.3664918,1.42
1762880144.3727832,1.68
1762880144.379058,1.35
1762880144.385282,1.56
1762880144.391415,1.58
1762880144.397652,1.36
1762880144.403998,1.72
1762880144.410218,1.56
1762880144.416385,1.56
1762880144.422741,1.79
1762880144.429043,1.54
1762880144.435262,1.84
1762880144.44141,1.84
1762880144.447673,1.48
1762880144.4539561,1.8
1762880144.460255,1.67
1762880144.466451,1.53
1762880144.4726799,1.69
1762880144.479129,1.33
1762880144.4852538,1.54
1762880144.491422,1.59
1762880144.497689,1.31
1762880144.503903,1.64
1762880144.5101812,1.44
1762880144.516433,1.39
1762880144.52272,1.65
1762880144.5290072,1.35
1762880144.535212,1.54
1762880144.541394,1.56
1762880144.5475671,1.36
1762880144.553953,1.7
1762880144.560168,1.46
1762880144.566436,1.46
1762880144.5726871,1.71
1762880144.578937,1.36
1762880144.585265,1.6
1762880144.5913348,1.7
1762880144.5976489,1.6
1762880144.6039062,2.35
1762880144.610219,2.99
1762880144.616417,3.17
1762880144.622665,3.17
1762880144.6289659,3.17
1762880144.635159,2.36
1762880144.6414452,0.79
1762880144.6476328,1.11
1762880144.653868,2.07
1762880144.6605911,1.53
1762880144.6664279,1.26
1762880144.672791,1.67
1762880144.679056,1.37
1762880144.685458,1.5
1762880144.6917188,1.58
1762880144.697796,1.35
1762880144.703996,1.67
1762880144.7102652,1.42
1762880144.7165031,1.41
1762880144.722805,1.75
1762880144.729089,1.4
1762880144.7352052,1.6
1762880144.741469,1.66
1762880144.747624,1.4
1762880144.75399,1.76
1762880144.760652,1.57
1762880144.7663841,1.53
1762880144.772831,1.8
1762880144.779022,1.46
1762880144.785205,1.69
1762880144.7917,1.76
1762880144.797694,1.5
1762880144.8038762,1.89
1762880144.810713,1.73
1762880144.816417,1.68
1762880144.822777,1.97
1762880144.829123,1.64
1762880144.8352041,1.9
1762880144.841616,2.02
1762880144.847657,1.72
1762880144.854038,2.06
1762880144.86032,1.88
1762880144.866345,1.81
1762880144.872705,2.08
1762880144.878936,1.71
1762880144.8852532,1.92
1762880144.891417,1.93
1762880144.897625,1.52
1762880144.903966,1.84
1762880144.910651,1.62
1762880144.9163399,1.44
1762880144.922741,1.67
1762880144.929016,1.38
1762880144.93508,1.58
1762880144.94131,1.57
1762880144.9475808,1.26
1762880144.953866,1.65
1762880144.960733,1.49
1762880144.966421,1.39
1762880144.972656,1.66
1762880144.9789681,1.31
1762880144.9851022,1.51
1762880144.991461,1.62
1762880144.997668,1.34
1762880145.004132,1.69
1762880145.010132,1.48
1762880145.016402,1.45
1762880145.022785,1.74
1762880145.028853,1.36
1762880145.035064,1.56
1762880145.041496,1.7
1762880145.0476868,1.41
1762880145.054014,1.69
1762880145.0601768,1.51
1762880145.066412,1.5
1762880145.0728269,1.78
1762880145.0788622,1.41
1762880145.08514,1.62
1762880145.091537,1.68
1762880145.097624,1.35
1762880145.103915,1.72
1762880145.110222,1.58
1762880145.116409,1.5
1762880145.1226711,1.73
1762880145.129199,1.37
1762880145.135103,1.61
1762880145.1413279,1.74
1762880145.147551,1.4
1762880145.1538181,1.72
1762880145.160168,1.54
1762880145.166362,1.45
1762880145.172669,1.75
1762880145.178845,1.45
1762880145.18507,1.63
1762880145.1912801,1.67
1762880145.1975691,1.38
1762880145.2040021,1.74
1762880145.210499,1.56
1762880145.216347,1.49
1762880145.222643,1.78
1762880145.2288482,1.41
1762880145.235202,1.59
1762880145.241374,1.7
1762880145.247643,1.41
1762880145.2538428,1.75
1762880145.260692,1.57
1762880145.266376,1.47
1762880145.272684,1.78
1762880145.278917,1.51
1762880145.285111,1.75
1762880145.291254,1.83
1762880145.2976232,1.51
1762880145.3038888,1.94
1762880145.310148,1.8
1762880145.316312,1.67
1762880145.322656,1.9
1762880145.328904,1.58
1762880145.3351529,1.78
1762880145.341957,1.76
1762880145.3475351,1.37
1762880145.3538291,1.7
1762880145.360088,1.55
1762880145.366276,1.42
1762880145.372673,1.69
1762880145.378901,1.39
1762880145.3850188,1.63
1762880145.391243,1.7
1762880145.397613,1.34
1762880145.403805,1.68
1762880145.4110951,1.57
1762880145.416348,1.49
1762880145.422559,1.74
1762880145.429145,1.38
1762880145.435093,1.62
1762880145.441251,1.71
1762880145.447501,1.39
1762880145.45389,1.76
1762880145.460554,1.59
1762880145.466462,1.58
1762880145.472497,2.1
1762880145.478899,2.26
1762880145.4850361,3.16
1762880145.491269,3.17
1762880145.49749,3.17
1762880145.503833,3.16
1762880145.510217,1.59
1762880145.51632,0.75
1762880145.522445,1.89
1762880145.5288398,1.71
1762880145.534967,1.48
1762880145.541224,1.54
1762880145.547441,1.37
1762880145.553858,1.71
1762880145.560554,1.48
1762880145.56624,1.39
1762880145.5725791,1.72
1762880145.578867,1.38
1762880145.584995,1.58
1762880145.591438,1.65
1762880145.5974889,1.33
1762880145.6036649,1.71
1762880145.6100109,1.58
1762880145.6161962,1.46
1762880145.622418,1.77
1762880145.640788,1.45
1762880145.6409311,1.63
1762880145.643092,1.74
1762880145.6633432,1.41
1762880145.6638222,1.81
1762880145.6639822,1.66
1762880145.698509,1.53
1762880145.698681,1.88
1762880145.6988459,1.55
1762880145.698988,1.74
1762880145.69909,1.91
1762880145.6991858,1.63
1762880145.7036748,1.98
1762880145.710706,1.8
1762880145.71617,1.67
1762880145.722477,2.05
1762880145.728734,1.77
1762880145.735122,1.92
1762880145.741342,2.02
1762880145.747454,1.68
1762880145.753836,1.99
1762880145.760256,1.75
1762880145.7663848,1.63
1762880145.772479,1.91
1762880145.778709,1.5
1762880145.784987,1.59
1762880145.791153,1.67
1762880145.797371,1.32
1762880145.803655,1.64
1762880145.8101802,1.43
1762880145.816174,1.3
1762880145.822397,1.61
1762880145.828696,1.31
1762880145.834909,1.52
1762880145.841161,1.59
1762880145.847382,1.23
1762880145.853676,1.59
1762880145.8599591,1.45
1762880145.866199,1.34
1762880145.872413,1.66
1762880145.878748,1.31
1762880145.884916,1.47
1762880145.891242,1.59
1762880145.897517,1.3
1762880145.903615,1.63
1762880145.91,1.47
1762880145.916234,1.36
1762880145.922405,1.66
1762880145.9287438,1.37
1762880145.934987,1.53
1762880145.941186,1.56
1762880145.9473732,1.3
1762880145.9537868,1.72
1762880145.960397,1.5
1762880145.966198,1.32
1762880145.972428,1.7
1762880145.978654,1.38
1762880145.984929,1.51
1762880145.991147,1.61
1762880145.997466,1.26
1762880146.00372,1.61
1762880146.0100548,1.48
1762880146.016172,1.34
1762880146.022412,1.65
1762880146.028661,1.35
1762880146.0349271,1.52
1762880146.041142,1.58
1762880146.047383,1.25
1762880146.053632,1.66
1762880146.059974,1.47
1762880146.066137,1.33
1762880146.0723798,1.7
1762880146.078623,1.35
1762880146.084835,1.51
1762880146.091143,1.61
1762880146.097589,1.26
1762880146.1037,1.63
1762880146.109996,1.5
1762880146.1161401,1.33
1762880146.122369,1.66
1762880146.128771,1.31
1762880146.1349592,1.49
1762880146.141091,1.65
1762880146.147449,1.34
1762880146.153614,1.71
1762880146.159893,1.56
1762880146.1663191,1.45
1762880146.172409,1.87
1762880146.1786208,1.59
1762880146.184851,1.68
1762880146.19119,1.7
1762880146.197338,1.42
1762880146.2035468,1.79
1762880146.2100039,1.52
1762880146.216102,1.31
1762880146.2223911,1.63
1762880146.22859,1.3
1762880146.234841,1.44
1762880146.2410932,1.58
1762880146.24739,1.25
1762880146.253591,1.58
1762880146.259978,1.41
1762880146.2662568,1.28
1762880146.272351,1.65
1762880146.278635,1.33
1762880146.284836,1.47
1762880146.291105,1.57
1762880146.297312,1.22
1762880146.30362,1.61
1762880146.309916,1.52
1762880146.3160682,1.36
1762880146.3223271,1.68
1762880146.3285801,1.34
1762880146.334848,1.58
1762880146.3410618,1.99
1762880146.3473039,2.2
1762880146.3535411,3.17
1762880146.3599622,3.17
1762880146.366388,3.17
1762880146.372267,2.97
1762880146.37856,0.82
1762880146.3847659,0.94
1762880146.391051,1.9
1762880146.397374,1.4
1762880146.4035661,1.44
1762880146.410059,1.4
1762880146.416041,1.33
1762880146.422362,1.61
1762880146.428543,1.27
1762880146.4347641,1.47
1762880146.441113,1.56
1762880146.4473448,1.21
1762880146.4535732,1.61
1762880146.459851,1.46
1762880146.466198,1.31
1762880146.472395,1.68
1762880146.478626,1.33
1762880146.484799,1.47
1762880146.4911518,1.64
1762880146.4974499,1.33
1762880146.5035672,1.67
1762880146.509961,1.53
1762880146.516138,1.4
1762880146.52226,1.74
1762880146.528496,1.41
1762880146.534753,1.6
1762880146.5410938,1.78
1762880146.547318,1.42
1762880146.553511,1.8
1762880146.559938,1.73
1762880146.566269,1.59
1762880146.5722198,1.96
1762880146.578518,1.62
1762880146.584825,1.74
1762880146.5910242,1.94
1762880146.59728,1.62
1762880146.6035562,1.96
1762880146.609875,1.83
1762880146.6160798,1.64
1762880146.622303,1.98
1762880146.628543,1.59
1762880146.634845,1.65
1762880146.641044,1.79
1762880146.647299,1.39
1762880146.653543,1.64
1762880146.6599538,1.48
1762880146.6661289,1.34
1762880146.672262,1.64
1762880146.678578,1.27
1762880146.6848361,1.42
1762880146.691088,1.57
1762880146.697409,1.21
1762880146.703558,1.54
1762880146.709909,1.41
1762880146.7161028,1.27
1762880146.722255,1.61
1762880146.728607,1.29
1762880146.734745,1.44
1762880146.741091,1.62
1762880146.747262,1.25
1762880146.7536352,1.56
1762880146.759712,1.45
1762880146.766051,1.29
1762880146.772257,1.67
1762880146.778479,1.38
1762880146.784746,1.49
1762880146.79114,1.62
1762880146.7973518,1.29
1762880146.8035588,1.64
1762880146.809781,1.51
1762880146.816093,1.35
1762880146.8222232,1.69
1762880146.8516102,1.37
1762880146.85182,1.51
1762880146.852104,1.65
1762880146.8525078,1.29
1762880146.854253,1.63
1762880146.8599648,1.53
1762880146.866132,1.34
1762880146.872395,1.68
1762880146.8785632,1.38
1762880146.884816,1.5
1762880146.8910668,1.64
1762880146.897259,1.3
1762880146.903533,1.66
1762880146.909785,1.51
1762880146.91646,1.35
1762880146.934326,1.74
1762880146.9426382,1.36
1762880146.9675488,1.48
1762880146.968489,1.67
1762880146.9750772,1.33
1762880146.9752681,1.65
1762880146.975443,1.54
1762880146.975611,1.39
1762880146.975775,1.72
1762880146.986827,1.41
1762880146.9870021,1.53
1762880146.995887,1.73
1762880146.998463,1.43
1762880147.003513,1.8
1762880147.00985,1.68
1762880147.016038,1.55
1762880147.0222468,1.98
1762880147.028503,1.64
1762880147.035156,1.64
1762880147.041993,1.84
1762880147.047196,1.48
1762880147.05347,1.72
1762880147.059832,1.56
1762880147.066033,1.39
1762880147.072202,1.74
1762880147.078513,1.4
1762880147.084757,1.47
1762880147.091039,1.68
1762880147.097215,1.35
1762880147.103473,1.68
1762880147.109814,1.56
1762880147.1160169,1.41
1762880147.12219,1.74
1762880147.1284459,1.41
1762880147.134735,1.54
1762880147.140979,1.72
1762880147.14721,1.37
1762880147.153482,1.72
1762880147.160299,1.64
1762880147.166058,1.47
1762880147.1723368,1.8
1762880147.178426,1.58
1762880147.1846452,1.94
1762880147.1916401,2.68
1762880147.197185,3.15
1762880147.2035708,3.17
1762880147.2098079,3.17
1762880147.216167,3.16
1762880147.2222452,1.9
1762880147.228519,0.73
1762880147.234694,1.67
1762880147.241817,2.1
1762880147.247135,1.3
1762880147.253591,1.56
1762880147.259705,1.64
1762880147.26596,1.5
1762880147.272426,1.76
1762880147.2783492,1.42
1762880147.284713,1.59
1762880147.2909162,1.79
1762880147.2972212,1.42
1762880147.303335,1.77
1762880147.309609,1.65
1762880147.3158941,1.46
1762880147.32214,1.9
1762880147.328448,1.57
1762880147.334674,1.64
1762880147.341024,1.87
1762880147.347038,1.51
1762880147.35341,1.84
1762880147.3595881,1.77
1762880147.366018,1.6
1762880147.372038,2.0
1762880147.378386,1.67
1762880147.3845801,1.78
1762880147.3914502,2.03
1762880147.397107,1.7
1762880147.403403,1.99
1762880147.409621,1.94
1762880147.416039,1.78
1762880147.422413,2.23
1762880147.4284768,1.88
1762880147.434696,1.96
1762880147.4414248,2.24
1762880147.4471412,1.81
1762880147.453409,2.13
1762880147.4596732,2.08
1762880147.466111,1.85
1762880147.472073,2.17
1762880147.4783711,1.77
1762880147.484698,1.8
1762880147.491528,1.99
1762880147.4971159,1.54
1762880147.503385,1.79
1762880147.509629,1.71
1762880147.515908,1.49
1762880147.523338,1.86
1762880147.5284102,1.5
1762880147.534585,1.6
1762880147.540906,1.8
1762880147.5470989,1.42
1762880147.553466,1.76
1762880147.5597,1.64
1762880147.565939,1.45
1762880147.5724092,1.87
1762880147.578496,1.52
1762880147.5846112,1.6
1762880147.590915,1.81
1762880147.597086,1.45
1762880147.60342,1.8
1762880147.6096692,1.66
1762880147.615924,1.49
1762880147.622128,1.89
1762880147.628305,1.54
1762880147.634617,1.62
1762880147.641212,1.85
1762880147.647082,1.48
1762880147.653273,1.8
1762880147.659509,1.68
1762880147.665931,1.51
1762880147.672097,1.89
1762880147.678314,1.52
1762880147.684596,1.61
1762880147.6908958,1.85
1762880147.697103,1.44
1762880147.703268,1.79
1762880147.709623,1.72
1762880147.715861,1.48
1762880147.722409,1.84
1762880147.72832,1.51
1762880147.734617,1.63
1762880147.741004,1.85
1762880147.747102,1.43
1762880147.7535172,1.74
1762880147.7597492,1.69
1762880147.765826,1.48
1762880147.772038,1.87
1762880147.7782679,1.52
1762880147.784616,1.63
1762880147.791457,1.92
1762880147.797049,1.53
1762880147.803305,1.85
1762880147.809611,1.86
1762880147.815796,1.68
1762880147.822047,2.04
1762880147.828334,1.67
1762880147.834521,1.74
1762880147.841016,1.94
1762880147.847093,1.43
1762880147.853332,1.71
1762880147.859705,1.61
1762880147.865823,1.39
1762880147.872015,1.74
1762880147.8783,1.39
1762880147.884512,1.51
1762880147.89098,1.74
1762880147.8969889,1.32
1762880147.903282,1.63
1762880147.909533,1.54
1762880147.915801,1.4
1762880147.922133,1.78
1762880147.9282298,1.43
1762880147.93451,1.51
1762880147.9408078,1.73
1762880147.947032,1.33
1762880147.953237,1.71
1762880147.959488,1.65
1762880147.9658968,1.38
1762880147.9721348,1.84
1762880147.978219,1.71
1762880147.9845362,2.21
1762880147.990916,3.16
1762880147.9970272,3.17
1762880148.003285,3.17
1762880148.0095592,3.17
1762880148.0157819,2.12
1762880148.022242,0.98
1762880148.028241,1.23
1762880148.0346391,1.8
1762880148.040894,1.7
1762880148.046984,1.11
1762880148.053292,1.6
1762880148.059467,1.55
1762880148.065817,1.24
1762880148.072005,1.65
1762880148.078271,1.37
1762880148.084681,1.43
1762880148.090813,1.66
1762880148.096995,1.28
1762880148.10323,1.6
1762880148.109628,1.53
1762880148.1157892,1.34
1762880148.1220212,1.71
1762880148.128273,1.37
1762880148.134536,1.47
1762880148.1412108,1.72
1762880148.147011,1.33
1762880148.153226,1.68
1762880148.1594748,1.64
1762880148.165857,1.41
1762880148.1719701,1.79
1762880148.178211,1.51
1762880148.18452,1.59
1762880148.190929,1.85
1762880148.196981,1.45
1762880148.203156,1.82
1762880148.209433,1.81
1762880148.2157462,1.58
1762880148.2220318,1.96
1762880148.228229,1.66
1762880148.234442,1.71
1762880148.240907,1.95
1762880148.246963,1.57
1762880148.253315,1.89
1762880148.259394,1.78
1762880148.2656798,1.47
1762880148.271932,1.83
1762880148.2782521,1.48
1762880148.284561,1.46
1762880148.290964,1.63
1762880148.2969332,1.2
1762880148.3033311,1.49
1762880148.3095481,1.41
1762880148.315867,1.15
1762880148.322002,1.53
1762880148.328363,1.23
1762880148.334502,1.24
1762880148.3415492,1.48
1762880148.369781,1.14
1762880148.37971,1.45
1762880148.41607,1.36
1762880148.417023,1.11
1762880148.417286,1.52
1762880148.417608,1.22
1762880148.417848,1.28
1762880148.418012,1.47
1762880148.4183218,1.11
1762880148.418445,1.49
1762880148.418692,1.44
1762880148.419143,1.17
1762880148.421945,1.53
1762880148.4282298,1.26
1762880148.435349,1.29
1762880148.4411561,1.52
1762880148.446927,1.15
1762880148.453739,1.51
1762880148.459472,1.43
1762880148.465761,1.16
1762880148.4720142,1.56
1762880148.4782531,1.29
1762880148.484511,1.29
1762880148.491699,1.52
1762880148.4969442,1.15
1762880148.503227,1.47
1762880148.50947,1.4
1762880148.515676,1.16
1762880148.5219111,1.53
1762880148.528136,1.25
1762880148.5344179,1.3
1762880148.540668,1.53
1762880148.5469701,1.14
1762880148.553131,1.46
1762880148.559423,1.43
1762880148.5657432,1.17
1762880148.5723178,1.54
1762880148.5781498,1.24
1762880148.584589,1.29
1762880148.590694,1.55
1762880148.596908,1.17
1762880148.6032991,1.48
1762880148.6095119,1.45
1762880148.6156569,1.27
1762880148.622011,1.68
1762880148.628294,1.39
1762880148.634478,1.48
1762880148.640815,1.8
1762880148.646857,1.37
1762880148.6531498,1.61
1762880148.659323,1.58
1762880148.665662,1.34
1762880148.671861,1.63
1762880148.6781282,1.26
1762880148.684339,1.26
1762880148.690742,1.48
1762880148.696882,1.11
1762880148.703146,1.43
1762880148.709467,1.4
1762880148.7156842,1.14
1762880148.721901,1.53
1762880148.72818,1.23
1762880148.7343879,1.24
1762880148.740643,1.5
1762880148.746845,1.15
1762880148.753129,1.47
1762880148.759386,1.4
1762880148.765582,1.15
1762880148.7718909,1.57
1762880148.778146,1.27
1762880148.784371,1.29
1762880148.7906308,1.57
1762880148.796884,1.23
1762880148.8030632,1.69
1762880148.8093922,2.05
1762880148.815664,2.53
1762880148.821928,3.17
1762880148.828086,3.17
1762880148.8343208,3.17
1762880148.8409119,2.22
1762880148.847029,0.34
1762880148.853011,1.33
1762880148.859534,1.84
1762880148.86558,1.14
1762880148.871844,1.34
1762880148.878113,1.27
1762880148.884341,1.3
1762880148.890613,1.47
1762880148.896796,1.12
1762880148.903063,1.43
1762880148.909338,1.41
1762880148.915616,1.15
1762880148.921906,1.53
1762880148.928111,1.25
1762880148.934328,1.28
1762880148.940777,1.58
1762880148.946795,1.21
1762880148.953162,1.49
1762880148.9593759,1.47
1762880148.965615,1.23
1762880148.971927,1.63
1762880148.978123,1.35
1762880148.9843469,1.41
1762880148.990638,1.69
1762880148.9968379,1.29
1762880149.003072,1.6
1762880149.009259,1.62
1762880149.01557,1.4
1762880149.021776,1.8
1762880149.0281332,1.52
1762880149.034396,1.57
1762880149.040596,1.89
1762880149.046867,1.52
1762880149.053153,1.81
1762880149.0593889,1.8
1762880149.06572,1.54
1762880149.071996,1.94
1762880149.0780768,1.66
1762880149.084279,1.62
1762880149.090716,1.9
1762880149.0967839,1.45
1762880149.103158,1.64
1762880149.10929,1.59
1762880149.115526,1.28
1762880149.1217742,1.62
1762880149.128015,1.32
1762880149.134324,1.29
1762880149.1407082,1.54
1762880149.14676,1.13
1762880149.15304,1.41
1762880149.1592479,1.45
1762880149.165547,1.12
1762880149.1718059,1.5
1762880149.177983,1.26
1762880149.184289,1.28
1762880149.190769,1.53
1762880149.196815,1.12
1762880149.20301,1.47
1762880149.209295,1.5
1762880149.21558,1.17
1762880149.221762,1.55
1762880149.22808,1.32
1762880149.234352,1.33
1762880149.240555,1.61
1762880149.246778,1.22
1762880149.253284,1.5
1762880149.259346,1.5
1762880149.265522,1.22
1762880149.2719328,1.62
1762880149.278177,1.38
1762880149.2843142,1.37
1762880149.290549,1.64
1762880149.296729,1.23
1762880149.303173,1.52
1762880149.309485,1.53
1762880149.31547,1.2
1762880149.321766,1.61
1762880149.328056,1.38
1762880149.334181,1.36
1762880149.3405068,1.59
1762880149.346782,1.22
1762880149.353024,1.56
1762880149.3591611,1.56
1762880149.3654468,1.23
1762880149.371778,1.63
1762880149.378037,1.42
1762880149.3842292,1.38
1762880149.390548,1.64
1762880149.3967931,1.27
1762880149.402984,1.53
1762880149.409292,1.54
1762880149.415495,1.3
1762880149.421768,1.68
1762880149.4279401,1.39
1762880149.43422,1.37
1762880149.440654,1.68
1762880149.446794,1.31
1762880149.4529438,1.55
1762880149.459208,1.55
1762880149.465584,1.28
1762880149.471702,1.67
1762880149.477887,1.45
1762880149.484191,1.43
1762880149.490421,1.67
1762880149.496717,1.3
1762880149.5028732,1.65
1762880149.5091069,1.71
1762880149.515405,1.37
1762880149.521764,1.8
1762880149.527976,1.67
1762880149.534306,1.67
1762880149.5405178,1.92
1762880149.546689,1.45
1762880149.55293,1.73
1762880149.55917,1.77
1762880149.565495,1.35
1762880149.571798,1.64
1762880149.5780458,1.4
1762880149.584171,1.43
1762880149.590436,1.67
1762880149.596679,1.28
1762880149.60302,1.58
1762880149.609262,1.59
1762880149.615362,1.27
1762880149.621772,1.66
1762880149.628048,1.43
1762880149.6341372,1.42
1762880149.640507,1.7
1762880149.646678,1.3
1762880149.652971,1.59
1762880149.65914,1.63
1762880149.6655061,1.3
1762880149.6720629,1.74
1762880149.677978,1.52
1762880149.684177,1.46
1762880149.690468,1.83
1762880149.6966798,1.7
1762880149.702868,2.45
1762880149.709284,3.16
1762880149.722954,3.17
1762880149.7231429,3.17
1762880149.7343721,3.14
1762880149.757746,1.52
1762880149.7579362,0.98
1762880149.758173,1.44
1762880149.762006,1.85
1762880149.786402,1.54
1762880149.7870889,1.21
1762880149.7874198,1.71
1762880149.787572,1.44
1762880149.787719,1.35
1762880149.790432,1.68
1762880149.796681,1.32
1762880149.8051698,1.55
1762880149.8091788,1.6
1762880149.815804,1.32
1762880149.822078,1.69
1762880149.8279722,1.47
1762880149.8342102,1.47
1762880149.840448,1.76
1762880149.846726,1.36
1762880149.8530078,1.58
1762880149.859102,1.67
1762880149.8654132,1.43
1762880149.8716218,1.82
1762880149.877845,1.57
1762880149.8841028,1.52
1762880149.890343,1.85
1762880149.896649,1.51
1762880149.9028301,1.76
1762880149.909096,1.8
1762880149.915327,1.53
1762880149.9216168,2.0
1762880149.927883,1.79
1762880149.934112,1.69
1762880149.940591,2.02
1762880149.946635,1.71
1762880149.952822,1.95
1762880149.959044,2.02
1762880149.965371,1.68
1762880149.9716601,2.06
1762880149.977956,1.84
1762880149.984064,1.72
1762880149.990583,1.96
1762880149.996681,1.53
1762880150.002856,1.72
1762880150.009086,1.71
1762880150.015405,1.32
1762880150.022354,1.69
1762880150.0278468,1.46
1762880150.034142,1.37
1762880150.0404968,1.65
1762880150.046602,1.29
1762880150.052931,1.55
1762880150.059108,1.59
1762880150.06532,1.23
1762880150.071691,1.64
1762880150.0778592,1.45
1762880150.084108,1.35
1762880150.090399,1.67
1762880150.096607,1.33
1762880150.1027699,1.54
1762880150.108999,1.57
1762880150.115392,1.28
1762880150.1215942,1.72
1762880150.127899,1.48
1762880150.1341639,1.41
1762880150.1406422,1.74
1762880150.146707,1.35
1762880150.152884,1.57
1762880150.159044,1.61
1762880150.165333,1.31
1762880150.1716301,1.74
1762880150.17792,1.51
1762880150.1840699,1.42
1762880150.190649,1.73
1762880150.196535,1.37
1762880150.202944,1.58
1762880150.2089899,1.66
1762880150.215361,1.31
1762880150.221546,1.7
1762880150.227783,1.51
1762880150.2340102,1.43
1762880150.240381,1.71
1762880150.246699,1.34
1762880150.2528698,1.57
1762880150.259138,1.63
1762880150.2654028,1.29
1762880150.271613,1.71
1762880150.277843,1.53
1762880150.284075,1.42
1762880150.290333,1.71
1762880150.296596,1.36
1762880150.302902,1.62
1762880150.30904,1.66
1762880150.315351,1.33
1762880150.321574,1.72
1762880150.328026,1.5
1762880150.334002,1.44
1762880150.34041,1.75
1762880150.346543,1.35
1762880150.3527622,1.59
1762880150.359034,1.69
1762880150.365376,1.34
1762880150.3714921,1.74
1762880150.377845,1.52
1762880150.384031,1.41
1762880150.390424,1.79
1762880150.3965418,1.44
1762880150.402925,1.58
1762880150.409066,1.66
1762880150.4152389,1.34
1762880150.421568,1.75
1762880150.428013,1.56
1762880150.434089,1.47
1762880150.4402921,1.82
1762880150.446523,1.52
1762880150.4528441,1.73
1762880150.458973,1.81
1762880150.465259,1.54
1762880150.471541,1.98
1762880150.477769,1.71
1762880150.4840488,1.53
1762880150.490338,1.9
1762880150.4965189,1.53
1762880150.502739,1.63
1762880150.50899,1.65
1762880150.515219,1.32
1762880150.521554,1.72
1762880150.5278149,1.5
1762880150.533953,1.39
1762880150.540243,1.74
1762880150.546478,1.37
1762880150.5527601,1.56
1762880150.5589912,1.64
1762880150.565307,1.34
1762880150.5714939,1.74
1762880150.577728,1.5
1762880150.583952,1.38
1762880150.5902321,1.75
1762880150.5968971,1.43
1762880150.6028318,1.63
1762880150.609021,1.67
1762880150.615351,1.34
1762880150.62161,1.82
1762880150.627729,1.78
1762880150.6340008,2.0
1762880150.640309,3.12
1762880150.646501,3.16
1762880150.6527932,3.17
1762880150.659123,3.17
1762880150.665591,2.15
1762880150.671514,0.97
1762880150.677839,1.32
1762880150.683944,1.73
1762880150.6902258,1.77
1762880150.696531,1.22
1762880150.70271,1.53
1762880150.709104,1.66
1762880150.715269,1.28
1762880150.721596,1.65
1762880150.7278569,1.48
1762880150.734069,1.39
1762880150.740389,1.74
1762880150.746513,1.36
1762880150.752898,1.54
1762880150.758993,1.66
1762880150.7652,1.32
1762880150.771687,1.68
1762880150.7779999,1.53
1762880150.784121,1.49
1762880150.79026,1.79
1762880150.796521,1.42
1762880150.802955,1.62
1762880150.808952,1.75
1762880150.815252,1.42
1762880150.821574,1.82
1762880150.827766,1.67
1762880150.834042,1.58
1762880150.840294,1.96
1762880150.846452,1.58
1762880150.852826,1.79
1762880150.858908,1.93
1762880150.8654149,1.6
1762880150.871526,1.99
1762880150.8777962,1.83
1762880150.883976,1.74
1762880150.890214,2.11
1762880150.896451,1.73
1762880150.902823,1.89
1762880150.90891,2.02
1762880150.9152482,1.63
1762880150.9218812,1.93
1762880150.9277198,1.73
1762880150.934004,1.56
1762880150.940219,1.81
1762880150.946435,1.42
1762880150.952637,1.56
1762880150.958828,1.63
1762880150.965229,1.27
1762880150.971495,1.62
1762880150.9776828,1.46
1762880150.983922,1.33
1762880150.990129,1.65
1762880150.99647,1.3
1762880151.002841,1.47
1762880151.009117,1.6
1762880151.015156,1.26
1762880151.021445,1.62
1762880151.027767,1.44
1762880151.0340638,1.36
1762880151.04019,1.71
1762880151.046425,1.31
1762880151.052703,1.52
1762880151.05887,1.65
1762880151.0651379,1.28
1762880151.0718222,1.69
1762880151.077753,1.54
1762880151.0838552,1.38
1762880151.090131,1.69
1762880151.096446,1.35
1762880151.10275,1.57
1762880151.10909,1.69
1762880151.11527,1.29
1762880151.121875,1.7
1762880151.135071,1.55
1762880151.135259,1.38
1762880151.155193,1.71
1762880151.155383,1.33
1762880151.155562,1.53
1762880151.192828,1.69
1762880151.195727,1.33
1762880151.1959648,1.65
1762880151.196077,1.5
1762880151.196136,1.4
1762880151.1961951,1.73
1762880151.196393,1.36
1762880151.202629,1.53
1762880151.2088242,1.64
1762880151.215095,1.28
1762880151.221356,1.67
1762880151.2276108,1.51
1762880151.2338629,1.4
1762880151.240177,1.74
1762880151.246392,1.36
1762880151.252629,1.54
1762880151.2588239,1.68
1762880151.26511,1.3
1762880151.271439,1.69
1762880151.277568,1.55
1762880151.283832,1.4
1762880151.290092,1.72
1762880151.296312,1.41
1762880151.30262,1.55
1762880151.308832,1.67
1762880151.3151228,1.33
1762880151.321704,1.72
1762880151.3278651,1.56
1762880151.33392,1.39
1762880151.3401742,1.75
1762880151.3463979,1.43
1762880151.352596,1.6
1762880151.358807,1.71
1762880151.3650718,1.34
1762880151.371525,1.73
1762880151.377662,1.68
1762880151.383868,1.52
1762880151.3901389,1.85
1762880151.396374,1.57
1762880151.402572,1.79
1762880151.408841,1.9
1762880151.4151528,1.44
1762880151.421668,1.82
1762880151.4276102,1.72
1762880151.433867,1.46
1762880151.4400692,1.72
1762880151.446342,1.36
1762880151.452615,1.53
1762880151.458804,1.67
1762880151.465415,1.31
1762880151.471362,1.69
1762880151.477791,1.53
1762880151.4837692,1.38
1762880151.490046,1.73
1762880151.4963782,1.38
1762880151.502516,1.56
1762880151.508783,1.69
1762880151.515082,1.3
1762880151.5212789,1.68
1762880151.5275588,1.6
1762880151.53377,1.44
1762880151.540031,1.76
1762880151.5462961,1.41
1762880151.552541,1.68
1762880151.55877,2.01
1762880151.565034,2.17
1762880151.571373,3.17
1762880151.5775921,3.17
1762880151.583746,3.17
1762880151.590069,3.17
1762880151.596276,1.88
1762880151.602575,0.9
1762880151.632745,1.65
1762880151.6329348,1.58
1762880151.649035,1.63
1762880151.649207,1.38
1762880151.679714,1.36
1762880151.701287,1.73
1762880151.7054138,1.33
1762880151.705703,1.5
1762880151.705835,1.68
1762880151.706007,1.29
1762880151.706368,1.64
1762880151.706816,1.52
1762880151.70716,1.39
1762880151.7073221,1.75
1762880151.707447,1.41
1762880151.7075598,1.55
1762880151.708839,1.68
1762880151.715064,1.35
1762880151.7214022,1.74
1762880151.7275798,1.63
1762880151.745246,1.43
1762880151.745488,1.78
1762880151.750863,1.5
1762880151.75396,1.67
1762880151.758759,1.84
1762880151.765068,1.45
1762880151.771334,1.86
1762880151.777567,1.79
1762880151.7837498,1.58
1762880151.790061,1.97
1762880151.796321,1.69
1762880151.802482,1.83
1762880151.808714,1.99
1762880151.8150961,1.63
1762880151.8213801,2.0
1762880151.827636,1.88
1762880151.833678,1.68
1762880151.839927,2.04
1762880151.8463109,1.68
1762880151.852467,1.75
1762880151.8588128,1.86
1762880151.864958,1.44
1762880151.871326,1.73
1762880151.8774521,1.57
1762880151.883739,1.36
1762880151.889966,1.67
1762880151.8963609,1.31
1762880151.902695,1.44
1762880151.9088058,1.62
1762880151.91504,1.23
1762880151.921759,1.56
1762880151.927426,1.47
1762880151.933716,1.3
1762880151.939936,1.65
1762880151.9462311,1.31
1762880151.9526532,1.45
1762880151.958745,1.63
1762880151.9649549,1.26
1762880151.9715211,1.62
1762880151.977419,1.51
1762880151.983745,1.3
1762880151.98994,1.69
1762880151.996264,1.37
1762880152.002496,1.53
1762880152.0087821,1.66
1762880152.015088,1.25
1762880152.021281,1.64
1762880152.027426,1.57
1762880152.033773,1.37
1762880152.039996,1.7
1762880152.046276,1.38
1762880152.052453,1.51
1762880152.0586061,1.67
1762880152.06499,1.28
1762880152.071334,1.66
1762880152.077373,1.55
1762880152.083671,1.32
1762880152.089885,1.71
1762880152.096065,1.37
1762880152.102409,1.49
1762880152.108702,1.68
1762880152.1150248,1.28
1762880152.121404,1.61
1762880152.1273012,1.53
1762880152.133715,1.37
1762880152.139947,1.74
1762880152.1462421,1.37
1762880152.152422,1.46
1762880152.15875,1.67
1762880152.165053,1.3
1762880152.171273,1.66
1762880152.177396,1.52
1762880152.183746,1.33
1762880152.189897,1.74
1762880152.196152,1.4
1762880152.202465,1.49
1762880152.2087328,1.7
1762880152.214997,1.37
1762880152.221281,1.74
1762880152.227381,1.64
1762880152.233653,1.49
1762880152.239948,1.92
1762880152.246141,1.61
1762880152.252428,1.69
1762880152.258694,1.8
1762880152.265009,1.42
1762880152.2711942,1.77
1762880152.2773702,1.57
1762880152.283635,1.34
1762880152.2898428,1.69
1762880152.2961862,1.37
1762880152.3024168,1.46
1762880152.308631,1.63
1762880152.3149068,1.26
1762880152.321383,1.62
1762880152.327638,1.51
1762880152.333605,1.31
1762880152.3399029,1.73
1762880152.3461728,1.39
1762880152.3523352,1.45
1762880152.3586109,1.68
1762880152.3649511,1.31
1762880152.371307,1.67
1762880152.377339,1.56
1762880152.383584,1.36
1762880152.389906,1.74
1762880152.396153,1.51
1762880152.402485,1.8
1762880152.408611,2.53
1762880152.4149928,3.01
1762880152.421251,3.17
1762880152.427351,3.17
1762880152.433582,3.16
1762880152.4398541,2.16
1762880152.4460711,0.63
1762880152.452348,1.4
1762880152.45856,2.0
1762880152.4648519,1.26
1762880152.471123,1.47
1762880152.4773052,1.53
1762880152.483623,1.3
1762880152.489871,1.62
1762880152.496091,1.35
1762880152.5023801,1.43
1762880152.5085719,1.65
1762880152.514991,1.27
1762880152.521214,1.59
1762880152.527354,1.54
1762880152.533707,1.32
1762880152.539828,1.73
1762880152.5461109,1.42
1762880152.5528698,1.51
1762880152.5586271,1.72
1762880152.5649369,1.34
1762880152.571153,1.68
1762880152.57741,1.62
1762880152.583678,1.43
1762880152.589806,1.82
1762880152.596128,1.51
1762880152.602407,1.56
1762880152.608899,1.85
1762880152.614889,1.51
1762880152.621165,1.83
1762880152.627247,1.78
1762880152.633769,1.58
1762880152.644477,2.01
1762880152.65635,1.69
1762880152.663559,1.74
1762880152.677344,2.03
1762880152.707763,1.66
1762880152.70793,1.94
1762880152.7081752,1.88
1762880152.708352,1.64
1762880152.708598,1.99
1762880152.708689,1.57
1762880152.7087731,1.61
1762880152.708862,1.82
1762880152.7147992,1.34
1762880152.721083,1.61
1762880152.7275798,1.53
1762880152.733568,1.27
1762880152.739923,1.62
1762880152.7461262,1.32
1762880152.752289,1.37
1762880152.7586482,1.57
1762880152.764889,1.22
1762880152.771206,1.56
1762880152.777303,1.47
1762880152.783683,1.21
1762880152.789824,1.64
1762880152.796404,1.35
1762880152.8026922,1.41
1762880152.808491,1.61
1762880152.81474,1.23
1762880152.821002,1.58
1762880152.827282,1.53
1762880152.8335931,1.27
1762880152.839755,1.66
1762880152.846024,1.41
1762880152.8525178,1.44
1762880152.8585322,1.66
1762880152.864869,1.25
1762880152.871007,1.61
1762880152.8773088,1.57
1762880152.8836632,1.31
1762880152.8897338,1.71
1762880152.896014,1.4
1762880152.902796,1.43
1762880152.9085639,1.66
1762880152.914897,1.3
1762880152.921105,1.6
1762880152.9271848,1.54
1762880152.933627,1.3
1762880152.939754,1.69
1762880152.946027,1.41
1762880152.9523032,1.44
1762880152.958517,1.66
1762880152.9648151,1.27
1762880152.971191,1.57
1762880152.977377,1.56
1762880152.983913,1.32
1762880152.989762,1.71
1762880152.996005,1.37
1762880153.0031621,1.43
1762880153.008517,1.7
1762880153.014782,1.29
1762880153.021185,1.6
1762880153.027287,1.55
1762880153.033587,1.26
1762880153.03969,1.69
1762880153.045973,1.41
1762880153.052263,1.41
1762880153.0584478,1.74
1762880153.064828,1.43
1762880153.0712361,1.72
1762880153.0772748,1.67
1762880153.083501,1.47
1762880153.0897331,1.93
1762880153.096009,1.65
1762880153.102299,1.65
1762880153.108532,1.84
1762880153.1147678,1.43
1762880153.121033,1.7
1762880153.12736,1.59
1762880153.133554,1.3
1762880153.139772,1.68
1762880153.1460218,1.36
1762880153.153308,1.37
1762880153.158508,1.64
1762880153.164803,1.27
1762880153.170971,1.56
1762880153.177253,1.55
1762880153.1834471,1.3
1762880153.1896262,1.66
1762880153.195936,1.38
1762880153.202234,1.42
1762880153.208467,1.68
1762880153.214685,1.3
1762880153.220942,1.61
1762880153.227159,1.58
1762880153.233366,1.33
1762880153.23967,1.73
1762880153.2459571,1.52
1762880153.2522838,1.77
1762880153.258545,2.53
1762880153.264891,2.96
1762880153.270924,3.17
1762880153.2771342,3.17
1762880153.283617,3.16
1762880153.289709,1.96
1762880153.295923,0.58
1762880153.302207,1.49
1762880153.308534,2.09
1762880153.314686,1.17
1762880153.3209128,1.42
1762880153.327167,1.61
1762880153.333416,1.28
1762880153.3397381,1.59
1762880153.345929,1.34
1762880153.3521762,1.41
1762880153.3584461,1.67
1762880153.364627,1.22
1762880153.370998,1.58
1762880153.377129,1.58
1762880153.383438,1.27
1762880153.3897269,1.73
1762880153.395984,1.47
1762880153.40224,1.46
1762880153.408671,1.74
1762880153.414871,1.34
1762880153.420871,1.65
1762880153.4271622,1.67
1762880153.433526,1.37
1762880153.4397771,1.79
1762880153.445855,1.57
1762880153.452245,1.57
1762880153.458475,1.84
1762880153.464684,1.48
1762880153.471122,1.8
1762880153.477209,1.88
1762880153.483419,1.61
1762880153.4895968,1.99
1762880153.495959,1.72
1762880153.502738,1.74
1762880153.508397,2.07
1762880153.5146081,1.69
1762880153.520927,1.95
1762880153.5271611,1.97
1762880153.5334568,1.63
1762880153.539679,1.96
1762880153.545844,1.69
1762880153.552227,1.63
1762880153.558461,1.8
1762880153.564789,1.34
1762880153.570893,1.64
1762880153.5771031,1.6
1762880153.583406,1.26
1762880153.58965,1.67
1762880153.595959,1.38
1762880153.602088,1.33
1762880153.608371,1.64
1762880153.614788,1.23
1762880153.6213691,1.53
1762880153.6272068,1.56
1762880153.633446,1.24
1762880153.639633,1.65
1762880153.645897,1.39
1762880153.6523871,1.37
1762880153.658457,1.66
1762880153.664806,1.31
1762880153.670836,1.58
1762880153.677176,1.6
1762880153.683371,1.29
1762880153.68976,1.69
1762880153.695949,1.45
1762880153.702167,1.45
1762880153.7084868,1.74
1762880153.714678,1.34
1762880153.720874,1.6
1762880153.727041,1.6
1762880153.733439,1.32
1762880153.739588,1.75
1762880153.745949,1.48
1762880153.752264,1.46
1762880153.7582772,1.75
1762880153.764596,1.34
1762880153.771026,1.61
1762880153.7771149,1.65
1762880153.783346,1.34
1762880153.789587,1.74
1762880153.795878,1.46
1762880153.802379,1.45
1762880153.808373,1.75
1762880153.814621,1.35
1762880153.820844,1.62
1762880153.827096,1.67
1762880153.8333042,1.36
1762880153.839553,1.74
1762880153.8462029,1.49
1762880153.852145,1.5
1762880153.858312,1.74
1762880153.864562,1.38
1762880153.8707929,1.68
1762880153.8769898,1.68
1762880153.88332,1.38
1762880153.889641,1.81
1762880153.895809,1.52
1762880153.902391,1.47
1762880153.908264,1.79
1762880153.914634,1.41
1762880153.9207711,1.65
1762880153.927059,1.71
1762880153.933337,1.43
1762880153.939616,1.8
1762880153.945801,1.58
1762880153.952142,1.62
1762880153.9583218,1.94
1762880153.964579,1.55
1762880153.970816,1.83
1762880153.977132,1.96
1762880153.994532,1.67
1762880153.994706,2.01
1762880154.017712,1.7
1762880154.027926,1.66
1762880154.0280771,1.96
1762880154.028217,1.47
1762880154.028332,1.68
1762880154.028449,1.74
1762880154.0509188,1.41
1762880154.0539432,1.81
1762880154.0542212,1.53
1762880154.054349,1.52
1762880154.058381,1.87
1762880154.064588,1.44
1762880154.071284,1.68
1762880154.0770812,1.71
1762880154.08597,1.42
1762880154.089576,1.85
1762880154.095801,1.61
1762880154.102487,1.6
1762880154.108296,1.91
1762880154.114757,1.48
1762880154.120796,1.75
1762880154.127008,1.82
1762880154.133394,1.58
1762880154.139581,2.23
1762880154.1457229,2.46
1762880154.152013,3.16
1762880154.158283,3.17
1762880154.164489,3.17
1762880154.170723,3.17
1762880154.176964,2.24
1762880154.183253,0.78
1762880154.189568,1.82
1762880154.1957061,1.97
1762880154.202199,1.55
1762880154.208273,1.77
1762880154.214468,1.5
1762880154.220692,1.78
1762880154.227009,1.77
1762880154.2332191,1.44
1762880154.239512,1.86
1762880154.245698,1.61
1762880154.2520661,1.58
1762880154.2584152,1.92
1762880154.26448,1.5
1762880154.270741,1.78
1762880154.2770472,1.88
1762880154.283296,1.53
1762880154.289462,1.94
1762880154.2957199,1.68
1762880154.302196,1.64
1762880154.308182,2.0
1762880154.314525,1.58
1762880154.320758,1.82
1762880154.326968,1.9
1762880154.3331919,1.61
1762880154.339503,2.07
1762880154.345686,1.79
1762880154.352226,1.73
1762880154.358189,2.11
1762880154.364405,1.69
1762880154.370711,1.98
1762880154.3770082,2.08
1762880154.3832278,1.7
1762880154.389538,2.17
1762880154.395659,1.95
1762880154.402019,1.85
1762880154.408213,2.22
1762880154.414439,1.78
1762880154.4207392,2.0
1762880154.426929,2.06
1762880154.433294,1.61
1762880154.439518,1.97
1762880154.445847,1.68
1762880154.452061,1.55
1762880154.458185,1.84
1762880154.464571,1.36
1762880154.4706728,1.64
1762880154.476923,1.67
1762880154.483213,1.24
1762880154.48948,1.7
1762880154.495648,1.45
1762880154.5021162,1.41
1762880154.50819,1.74
1762880154.514459,1.26
1762880154.5207622,1.54
1762880154.52695,1.66
1762880154.533223,1.3
1762880154.539406,1.71
1762880154.545651,1.45
1762880154.551937,1.41
1762880154.558173,1.76
1762880154.5644522,1.33
1762880154.5706828,1.59
1762880154.576938,1.61
1762880154.583158,1.28
1762880154.589448,1.78
1762880154.5956109,1.5
1762880154.602031,1.41
1762880154.608169,1.8
1762880154.6144729,1.35
1762880154.62065,1.59
1762880154.6269262,1.67
1762880154.633195,1.31
1762880154.639416,1.76
1762880154.645625,1.5
1762880154.652201,1.4
1762880154.6581728,1.76
1762880154.664486,1.33
1762880154.670777,1.57
1762880154.676883,1.65
1762880154.6831412,1.3
1762880154.689357,1.73
1762880154.695641,1.45
1762880154.7020118,1.43
1762880154.708276,1.78
1762880154.7146811,1.3
1762880154.7206552,1.57
1762880154.7269518,1.63
1762880154.733252,1.28
1762880154.739438,1.76
1762880154.745585,1.48
1762880154.751877,1.38
1762880154.758163,1.77
1762880154.7643719,1.3
1762880154.7707021,1.52
1762880154.7768672,1.63
1762880154.783246,1.3
1762880154.7893848,1.76
1762880154.7955992,1.43
1762880154.801961,1.31
1762880154.808201,1.78
1762880154.814413,1.33
1762880154.820714,1.6
1762880154.826903,1.7
1762880154.833133,1.35
1762880154.839353,1.85
1762880154.845549,1.56
1762880154.851925,1.57
1762880154.8580968,2.02
1762880154.864437,1.46
1762880154.870632,1.64
1762880154.876943,1.8
1762880154.883127,1.38
1762880154.889343,1.71
1762880154.8955562,1.4
1762880154.9018502,1.32
1762880154.908093,1.69
1762880154.914361,1.23
1762880154.9206452,1.5
1762880154.926877,1.6
1762880154.933154,1.18
1762880154.9394119,1.67
1762880154.945606,1.42
1762880154.9518988,1.29
1762880154.9582,1.7
1762880154.96448,1.2
1762880154.970598,1.45
1762880154.976821,1.61
1762880154.9830909,1.24
1762880154.9894001,1.67
1762880154.995571,1.42
1762880155.001838,1.32
1762880155.0081139,1.74
1762880155.014293,1.45
1762880155.020807,2.0
1762880155.026947,2.77
1762880155.033226,3.14
1762880155.039423,3.17
1762880155.045547,3.17
1762880155.052001,2.39
1762880155.058051,0.87
1762880155.064376,0.89
1762880155.070585,1.81
1762880155.076774,1.67
1762880155.083092,1.01
1762880155.089323,1.57
1762880155.095519,1.39
1762880155.1018932,1.22
1762880155.108171,1.62
1762880155.1144361,1.17
1762880155.1206138,1.43
1762880155.126859,1.54
1762880155.1331918,1.12
1762880155.1392891,1.61
1762880155.1456141,1.4
1762880155.15184,1.26
1762880155.158078,1.63
1762880155.164772,1.21
1762880155.1705348,1.46
1762880155.176825,1.62
1762880155.183081,1.24
1762880155.189304,1.69
1762880155.195481,1.43
1762880155.201917,1.34
1762880155.20805,1.79
1762880155.214247,1.33
1762880155.220514,1.58
1762880155.2268748,1.73
1762880155.233412,1.34
1762880155.239234,1.81
1762880155.2455108,1.58
1762880155.251842,1.51
1762880155.258069,1.96
1762880155.264354,1.51
1762880155.270656,1.74
1762880155.276909,1.85
1762880155.283081,1.46
1762880155.28931,1.94
1762880155.295496,1.7
1762880155.301815,1.51
1762880155.308052,1.9
1762880155.314464,1.42
1762880155.320523,1.57
1762880155.32676,1.63
1762880155.3340008,1.2
1762880155.3392582,1.61
1762880155.345539,1.32
1762880155.351818,1.16
1762880155.358159,1.59
1762880155.3643148,1.11
1762880155.370545,1.33
1762880155.3840709,1.51
1762880155.3842921,1.06
1762880155.400766,1.51
1762880155.4009018,1.29
1762880155.40183,1.15
1762880155.43501,1.59
1762880155.452179,1.15
1762880155.452582,1.35
1762880155.452887,1.5
1762880155.453134,1.08
1762880155.4533062,1.58
1762880155.453503,1.35
1762880155.4536,1.17
1762880155.458126,1.62
1762880155.468668,1.17
1762880155.470551,1.39
1762880155.476802,1.57
1762880155.4835358,1.12
1762880155.489944,1.55
1762880155.495581,1.33
1762880155.501855,1.24
1762880155.508075,1.67
1762880155.514542,1.19
1762880155.520581,1.39
1762880155.5269492,1.57
1762880155.533039,1.12
1762880155.539283,1.55
1762880155.545544,1.36
1762880155.5518022,1.19
1762880155.558008,1.61
1762880155.56429,1.18
1762880155.5704389,1.41
1762880155.576664,1.57
1762880155.583264,1.09
1762880155.5892532,1.55
1762880155.595423,1.39
1762880155.601768,1.2
1762880155.607925,1.67
1762880155.614387,1.19
1762880155.62055,1.37
1762880155.626658,1.6
1762880155.633069,1.14
1762880155.63923,1.57
1762880155.645463,1.37
1762880155.651679,1.24
1762880155.657938,1.69
1762880155.664265,1.21
1762880155.670448,1.4
1762880155.676696,1.61
1762880155.683122,1.22
1762880155.689176,1.71
1762880155.695495,1.52
1762880155.701717,1.38
1762880155.707977,1.9
1762880155.714277,1.44
1762880155.7206001,1.59
1762880155.726699,1.75
1762880155.733313,1.32
1762880155.7392051,1.71
1762880155.745434,1.44
1762880155.751651,1.27
1762880155.7579231,1.68
1762880155.7644422,1.17
1762880155.770468,1.37
1762880155.776664,1.61
1762880155.7829518,1.15
1762880155.789244,1.6
1762880155.795518,1.39
1762880155.801761,1.18
1762880155.808247,1.67
1762880155.814382,1.26
1762880155.820508,1.43
1762880155.826742,1.63
1762880155.833021,1.16
1762880155.8392751,1.59
1762880155.84543,1.47
1762880155.851711,1.31
1762880155.8578649,1.72
1762880155.864168,1.33
1762880155.8704908,1.69
1762880155.8766878,2.27
1762880155.883371,2.63
1762880155.889157,3.17
1762880155.895443,3.17
1762880155.901634,3.17
1762880155.9079301,2.26
1762880155.91433,0.49
1762880155.9203782,1.37
1762880155.9266272,1.97
1762880155.9330292,1.12
1762880155.939132,1.49
1762880155.945418,1.48
1762880155.951675,1.26
1762880155.9580002,1.65
1762880155.9643252,1.25
1762880155.970488,1.44
1762880155.97667,1.62
1762880155.9836092,1.17
1762880155.989221,1.64
1762880155.995389,1.46
1762880156.0017211,1.26
1762880156.0078888,1.71
1762880156.014105,1.32
1762880156.0203788,1.55
1762880156.0267851,1.67
1762880156.033459,1.25
1762880156.039176,1.73
1762880156.0453491,1.54
1762880156.051627,1.4
1762880156.0578601,1.85
1762880156.064085,1.4
1762880156.0704231,1.6
1762880156.076664,1.84
1762880156.110519,1.42
1762880156.122967,1.86
1762880156.1233861,1.7
1762880156.127192,1.56
1762880156.139589,2.05
1762880156.139773,1.6
1762880156.155092,1.74
1762880156.1553202,1.97
1762880156.190292,1.57
1762880156.19051,2.0
1762880156.190668,1.83
1762880156.1908438,1.62
1762880156.1910331,2.01
1762880156.192797,1.54
1762880156.192999,1.67
1762880156.1931882,1.84
1762880156.193653,1.32
1762880156.194017,1.65
1762880156.195457,1.51
1762880156.2017589,1.33
1762880156.208033,1.72
1762880156.215563,1.26
1762880156.243716,1.4
1762880156.256576,1.57
1762880156.256821,1.2
1762880156.2577658,1.68
1762880156.2581272,1.46
1762880156.258341,1.22
1762880156.2585359,1.7
1762880156.265588,1.27
1762880156.270425,1.44
1762880156.276642,1.68
1762880156.282881,1.19
1762880156.289137,1.64
1762880156.295455,1.56
1762880156.3020391,1.32
1762880156.308008,1.74
1762880156.3141088,1.33
1762880156.320367,1.46
1762880156.3265762,1.68
1762880156.333348,1.27
1762880156.339129,1.69
1762880156.345311,1.55
1762880156.351655,1.33
1762880156.3578298,1.76
1762880156.364071,1.34
1762880156.370278,1.49
1762880156.376517,1.7
1762880156.382856,1.24
1762880156.389069,1.68
1762880156.395342,1.52
1762880156.4015481,1.31
1762880156.407756,1.76
1762880156.414057,1.36
1762880156.420348,1.49
1762880156.4265301,1.69
1762880156.433326,1.25
1762880156.439008,1.71
1762880156.445378,1.54
1762880156.451714,1.31
1762880156.457879,1.78
1762880156.464171,1.36
1762880156.4705548,1.53
1762880156.476556,1.79
1762880156.482997,1.36
1762880156.489047,1.76
1762880156.495373,1.74
1762880156.5017018,1.58
1762880156.507738,1.98
1762880156.5140412,1.52
1762880156.520274,1.64
1762880156.5266728,1.87
1762880156.533261,1.32
1762880156.5390651,1.67
1762880156.5453818,1.54
1762880156.5515451,1.31
1762880156.557744,1.7
1762880156.5640378,1.26
1762880156.570262,1.46
1762880156.5765781,1.72
1762880156.582824,1.21
1762880156.58908,1.61
1762880156.595238,1.5
1762880156.60152,1.23
1762880156.60789,1.74
1762880156.6140401,1.38
1762880156.620258,1.47
1762880156.626484,1.69
1762880156.6328661,1.27
1762880156.6390688,1.68
1762880156.645277,1.57
1762880156.651496,1.31
1762880156.657811,1.8
1762880156.664026,1.54
1762880156.670232,1.91
1762880156.6765,2.97
1762880156.682815,3.16
1762880156.689026,3.17
1762880156.695384,3.17
1762880156.701528,2.69
1762880156.707756,1.1
1762880156.71405,0.94
1762880156.720387,1.78
1762880156.72662,1.83
1762880156.732768,1.06
1762880156.738982,1.56
1762880156.745263,1.55
1762880156.751573,1.25
1762880156.757754,1.71
1762880156.7640479,1.31
1762880156.770259,1.39
1762880156.776577,1.7
1762880156.782733,1.26
1762880156.789033,1.62
1762880156.7953122,1.53
1762880156.801588,1.34
1762880156.8078232,1.77
1762880156.8141592,1.37
1762880156.820257,1.52
1762880156.8264918,1.77
1762880156.833054,1.3
1762880156.839124,1.71
1762880156.8452349,1.64
1762880156.851487,1.43
1762880156.857874,1.87
1762880156.8643992,1.48
1762880156.870281,1.64
1762880156.876708,1.93
1762880156.8827531,1.49
1762880156.888931,1.87
1762880156.895186,1.79
1762880156.90858,1.58
1762880156.920116,2.08
1762880156.927401,1.69
1762880156.95865,1.75
1762880156.969988,2.04
1762880156.9703,1.59
1762880156.97051,1.99
1762880156.970664,1.9
1762880156.9708228,1.58
1762880156.9709811,1.97
1762880156.971362,1.57
1762880156.971586,1.6
1762880156.976458,1.8
1762880156.984834,1.3
1762880156.989035,1.65
1762880156.9955242,1.52
1762880157.001646,1.26
1762880157.0077498,1.72
1762880157.0141199,1.33
1762880157.0203772,1.42
1762880157.026674,1.68
1762880157.032803,1.19
1762880157.0391161,1.56
1762880157.0452778,1.53
1762880157.0515578,1.28
1762880157.057659,1.69
1762880157.06399,1.32
1762880157.0702488,1.42
1762880157.076454,1.69
1762880157.0826838,1.27
1762880157.089026,1.65
1762880157.095249,1.58
1762880157.101435,1.3
1762880157.1077278,1.74
1762880157.1142201,1.39
1762880157.120144,1.5
1762880157.12639,1.74
1762880157.132729,1.26
1762880157.138916,1.64
1762880157.145375,1.63
1762880157.151535,1.34
1762880157.157685,1.74
1762880157.164055,1.38
1762880157.170145,1.46
1762880157.176512,1.76
1762880157.182933,1.32
1762880157.188834,1.66
1762880157.195194,1.56
1762880157.201379,1.3
1762880157.207684,1.79
1762880157.21436,1.42
1762880157.220175,1.48
1762880157.2264051,1.74
1762880157.232815,1.26
1762880157.238981,1.65
1762880157.2451708,1.63
1762880157.251486,1.3
1762880157.257633,1.77
1762880157.263916,1.44
1762880157.27011,1.47
1762880157.2764852,1.75
1762880157.282617,1.31
1762880157.2888489,1.74
1762880157.295136,1.73
1762880157.301439,1.42
1762880157.307636,1.9
1762880157.3139021,1.65
1762880157.320097,1.73
1762880157.326473,1.92
1762880157.3327081,1.44
1762880157.338916,1.87
1762880157.345221,1.76
1762880157.351443,1.34
1762880157.357631,1.76
1762880157.3639271,1.37
1762880157.370208,1.4
1762880157.3765178,1.68
1762880157.382716,1.27
1762880157.3891048,1.65
1762880157.395209,1.56
1762880157.4014552,1.24
1762880157.407812,1.69
1762880157.4139361,1.38
1762880157.420209,1.46
1762880157.426523,1.75
1762880157.432771,1.28
1762880157.439095,1.62
1762880157.4451358,1.62
1762880157.451433,1.32
1762880157.4576519,1.8
1762880157.463964,1.46
1762880157.4702132,1.52
1762880157.4764328,1.92
1762880157.4825768,1.71
1762880157.488946,2.73
1762880157.4952261,3.17
1762880157.50144,3.17
1762880157.5076349,3.17
1762880157.5141819,3.03
1762880157.520173,1.28
1762880157.526565,1.13
1762880157.5328279,1.44
1762880157.538883,1.84
1762880157.545325,1.46
1762880157.55148,1.19
1762880157.557624,1.79
1762880157.5640168,1.39
1762880157.570125,1.36
1762880157.576465,1.71
1762880157.583013,1.26
1762880157.5888681,1.6
1762880157.5951629,1.57
1762880157.601619,1.29
1762880157.607637,1.75
1762880157.613833,1.41
1762880157.620053,1.44
1762880157.626441,1.75
1762880157.6328871,1.31
1762880157.6389601,1.69
1762880157.645175,1.65
1762880157.651364,1.35
1762880157.6576781,1.84
1762880157.664025,1.51
1762880157.6701329,1.54
1762880157.676386,1.88
1762880157.682636,1.45
1762880157.688895,1.79
1762880157.695095,1.76
1762880157.701283,1.51
1762880157.70769,2.01
1762880157.7142231,1.69
1762880157.720209,1.72
1762880157.7263591,2.07
1762880157.732952,1.6
1762880157.738841,1.96
1762880157.745164,1.95
1762880157.751322,1.61
1762880157.757524,2.09
1762880157.764085,1.72
1762880157.7700381,1.65
1762880157.776341,1.91
1762880157.782541,1.41
1762880157.78881,1.72
1762880157.795169,1.64
1762880157.8014421,1.28
1762880157.807563,1.71
1762880157.813977,1.36
1762880157.820095,1.38
1762880157.8263528,1.67
1762880157.832582,1.19
1762880157.838846,1.56
1762880157.845129,1.52
1762880157.85133,1.18
1762880157.857461,1.7
1762880157.863783,1.38
1762880157.870123,1.34
1762880157.876394,1.65
1762880157.882595,1.27
1762880157.888723,1.6
1762880157.895065,1.53
1762880157.90134,1.24
1762880157.9075258,1.75
1762880157.913804,1.42
1762880157.92007,1.41
1762880157.926411,1.75
1762880157.93251,1.27
1762880157.938823,1.57
1762880157.9451132,1.6
1762880157.95133,1.31
1762880157.9575522,1.75
1762880157.963831,1.4
1762880157.970149,1.4
1762880157.976309,1.75
1762880157.9825962,1.3
1762880157.9889762,1.61
1762880157.995046,1.59
1762880158.001499,1.25
1762880158.007587,1.76
1762880158.013788,1.44
1762880158.019997,1.4
1762880158.026251,1.73
1762880158.032467,1.26
1762880158.038712,1.59
1762880158.0450308,1.62
1762880158.051152,1.29
1762880158.0575209,1.71
1762880158.063783,1.41
1762880158.070187,1.41
1762880158.076292,1.74
1762880158.082595,1.28
1762880158.088673,1.58
1762880158.095063,1.63
1762880158.1012921,1.3
1762880158.107467,1.72
1762880158.114023,1.43
1762880158.119946,1.42
1762880158.1262112,1.77
1762880158.132709,1.31
1762880158.1387641,1.71
1762880158.144984,1.78
1762880158.151239,1.41
1762880158.157456,1.93
1762880158.1641011,1.7
1762880158.170034,1.6
1762880158.1761448,1.87
1762880158.182436,1.45
1762880158.1886709,1.81
1762880158.195029,1.71
1762880158.2012339,1.26
1762880158.207469,1.72
1762880158.213718,1.39
1762880158.219899,1.37
1762880158.226188,1.74
1762880158.232485,1.25
1762880158.238762,1.55
1762880158.245265,1.6
1762880158.251173,1.24
1762880158.257496,1.71
1762880158.26388,1.41
1762880158.269929,1.38
1762880158.2763011,1.72
1762880158.282523,1.28
1762880158.2887628,1.59
1762880158.2952409,1.61
1762880158.301282,1.31
1762880158.30747,1.76
1762880158.313735,1.46
1762880158.355257,1.43
1762880158.3833091,1.93
1762880158.3834949,1.78
1762880158.3836439,2.76
1762880158.386053,3.17
1762880158.386403,3.17
1762880158.386676,3.17
1762880158.386862,2.7
1762880158.386988,0.91
1762880158.387094,1.32
1762880158.387198,1.56
1762880158.388942,1.74
1762880158.39577,1.5
1762880158.40124,1.15
1762880158.407498,1.73
1762880158.417509,1.41
1762880158.419948,1.3
1762880158.426165,1.73
1762880158.432519,1.29
1762880158.438688,1.55
1762880158.4449668,1.61
1762880158.451327,1.24
1762880158.4574442,1.71
1762880158.463658,1.44
1762880158.469892,1.41
1762880158.4762251,1.75
1762880158.4825542,1.3
1762880158.4886882,1.63
1762880158.494922,1.66
1762880158.501215,1.29
1762880158.507357,1.8
1762880158.513727,1.59
1762880158.519874,1.51
1762880158.526069,1.87
1762880158.532467,1.44
1762880158.53867,1.73
1762880158.545438,1.83
1762880158.5511198,1.52
1762880158.557337,1.99
1762880158.5637472,1.72
1762880158.569864,1.67
1762880158.576098,2.06
1762880158.582471,1.61
1762880158.588758,1.93
1762880158.5950642,1.98
1762880158.6012402,1.58
1762880158.6074638,2.08
1762880158.613781,1.74
1762880158.619939,1.61
1762880158.626153,1.99
1762880158.6327481,1.42
1762880158.638714,1.64
1762880158.6449761,1.7
1762880158.6511302,1.27
1762880158.657418,1.68
1762880158.6636999,1.42
1762880158.669933,1.32
1762880158.676109,1.65
1762880158.682358,1.23
1762880158.688711,1.52
1762880158.6949608,1.56
1762880158.701225,1.17
1762880158.707337,1.65
1762880158.7136672,1.42
1762880158.7199202,1.34
1762880158.7261188,1.69
1762880158.732373,1.27
1762880158.738662,1.52
1762880158.7449448,1.61
1762880158.751103,1.23
1762880158.757333,1.7
1762880158.76417,1.44
1762880158.7699468,1.34
1762880158.776115,1.76
1762880158.78241,1.34
1762880158.788533,1.56
1762880158.795104,1.65
1762880158.801168,1.29
1762880158.807508,1.71
1762880158.813656,1.42
1762880158.819993,1.39
1762880158.82611,1.78
1762880158.832427,1.3
1762880158.838814,1.58
1762880158.8449652,1.66
1762880158.8512378,1.27
1762880158.857406,1.73
1762880158.86359,1.48
1762880158.869816,1.36
1762880158.8760478,1.75
1762880158.8823879,1.32
1762880158.888565,1.59
1762880158.894948,1.64
1762880158.901068,1.27
1762880158.907347,1.74
1762880158.913663,1.47
1762880158.919876,1.38
1762880158.926071,1.78
1762880158.93244,1.3
1762880158.938584,1.56
1762880158.9449081,1.66
1762880158.951046,1.29
1762880158.9574,1.76
1762880158.96368,1.51
1762880158.969846,1.39
1762880158.976056,1.77
1762880158.982372,1.32
1762880158.988656,1.58
1762880158.994821,1.7
1762880159.000965,1.34
1762880159.007282,1.86
1762880159.0137222,1.64
1762880159.0198479,1.56
1762880159.026051,2.02
1762880159.032524,1.54
1762880159.038545,1.72
1762880159.04481,1.82
1762880159.0511029,1.51
1762880159.057293,1.87
1762880159.06352,1.51
1762880159.069825,1.37
1762880159.076187,1.79
1762880159.082718,1.34
1762880159.088635,1.56
1762880159.0950751,1.63
1762880159.101086,1.25
1762880159.107193,1.75
1762880159.113962,1.5
1762880159.119803,1.38
1762880159.1260679,1.8
1762880159.132267,1.33
1762880159.13864,1.59
1762880159.1448572,1.71
1762880159.151306,1.31
1762880159.1573188,1.79
1762880159.164438,1.55
1762880159.169832,1.43
1762880159.176082,1.83
1762880159.1824949,1.43
1762880159.188662,1.8
1762880159.194803,2.31
1762880159.2010949,2.68
1762880159.207264,3.17
1762880159.213681,3.17
1762880159.219815,3.17
1762880159.225951,2.77
1762880159.232346,0.78
1762880159.2384388,1.3
1762880159.244787,2.04
1762880159.250962,1.38
1762880159.257459,1.62
1762880159.264502,1.49
1762880159.269762,1.41
1762880159.275994,1.79
1762880159.282333,1.32
1762880159.2884328,1.63
1762880159.29487,1.75
1762880159.301016,1.3
1762880159.3072488,1.78
1762880159.313884,1.56
1762880159.319752,1.44
1762880159.3261352,1.87
1762880159.3323069,1.43
1762880159.3385038,1.66
1762880159.344814,1.82
1762880159.350982,1.41
1762880159.357276,1.88
1762880159.363719,1.66
1762880159.3698041,1.52
1762880159.3760362,1.98
1762880159.382283,1.55
1762880159.3884811,1.77
1762880159.394774,1.92
1762880159.400964,1.53
1762880159.40724,2.05
1762880159.41381,1.85
1762880159.419761,1.69
1762880159.425976,2.18
1762880159.4322932,1.74
1762880159.438432,1.96
1762880159.44474,2.16
1762880159.450907,1.7
1762880159.457344,2.14
1762880159.4635808,1.96
1762880159.469755,1.76
1762880159.475934,2.16
1762880159.4821918,1.7
1762880159.488514,1.82
1762880159.494924,1.91
1762880159.501077,1.45
1762880159.507306,1.88
1762880159.513708,1.59
1762880159.51981,1.41
1762880159.52597,1.86
1762880159.532182,1.4
1762880159.5384479,1.56
1762880159.5447328,1.71
1762880159.550957,1.31
1762880159.557184,1.81
1762880159.563547,1.56
1762880159.569994,1.39
1762880159.575985,1.83
1762880159.5822752,1.38
1762880159.588678,1.6
1762880159.594796,1.8
1762880159.6011121,1.34
1762880159.6072562,1.82
1762880159.613555,1.6
1762880159.619752,1.43
1762880159.625982,1.92
1762880159.632254,1.48
1762880159.638453,1.62
1762880159.6447208,1.77
1762880159.651001,1.38
1762880159.657176,1.86
1762880159.663542,1.61
1762880159.669896,1.44
1762880159.67599,1.92
1762880159.682633,1.44
1762880159.6886668,1.62
1762880159.694798,1.81
1762880159.701084,1.36
1762880159.707422,1.8
1762880159.714439,1.57
1762880159.719607,1.42
1762880159.72586,1.91
1762880159.736198,1.45
1762880159.752827,1.62
1762880159.758956,1.79
1762880159.765009,1.35
1762880159.766015,1.79
1762880159.766185,1.59
1762880159.802303,1.45
1762880159.8025541,1.89
1762880159.8026628,1.39
1762880159.802741,1.61
1762880159.8028228,1.77
1762880159.802995,1.31
1762880159.8071392,1.79
1762880159.814183,1.62
1762880159.8196192,1.52
1762880159.82598,2.01
1762880159.8321621,1.49
1762880159.8385952,1.7
1762880159.8448231,2.01
1762880159.850917,1.57
1762880159.85712,1.96
1762880159.863873,1.71
1762880159.86995,1.55
1762880159.875981,1.96
1762880159.882174,1.4
1762880159.88857,1.56
1762880159.894721,1.74
1762880159.901052,1.26
1762880159.9072871,1.72
1762880159.9136362,1.55
1762880159.919652,1.35
1762880159.925937,1.8
1762880159.932192,1.35
1762880159.938468,1.57
1762880159.944652,1.76
1762880159.9512,1.26
1762880159.957155,1.73
1762880159.963459,1.56
1762880159.969839,1.38
1762880159.975861,1.85
1762880159.9821281,1.35
1762880159.988428,1.56
1762880159.9948642,1.78
1762880160.0008829,1.31
1762880160.007082,1.9
1762880160.0136151,1.99
1762880160.019625,2.41
1762880160.0258298,3.17
1762880160.032165,3.17
1762880160.038346,3.17
1762880160.0446799,3.12
1762880160.05087,1.18
1762880160.057191,1.2
1762880160.063627,1.65
1762880160.069643,1.49
1762880160.07593,1.69
1762880160.0820532,1.22
1762880160.088304,1.51
1762880160.09461,1.71
1762880160.100925,1.17
1762880160.107004,1.67
1762880160.113545,1.47
1762880160.1195462,1.26
1762880160.125925,1.78
1762880160.132053,1.33
1762880160.1383529,1.46
1762880160.144647,1.7
1762880160.1508312,1.26
1762880160.157025,1.7
1762880160.1636322,1.52
1762880160.1696901,1.36
1762880160.175871,1.85
1762880160.1820722,1.37
1762880160.188319,1.54
1762880160.194991,1.79
1762880160.200783,1.32
1762880160.20715,1.8
1762880160.213705,1.62
1762880160.219548,1.45
1762880160.225836,1.96
1762880160.23207,1.53
1762880160.238274,1.68
1762880160.24471,1.93
1762880160.250874,1.53
1762880160.257073,1.97
1762880160.263616,1.78
1762880160.269572,1.55
1762880160.275887,2.07
1762880160.282057,1.61
1762880160.288342,1.75
1762880160.294898,1.95
1762880160.300874,1.4
1762880160.306975,1.82
1762880160.313591,1.63
1762880160.319596,1.31
1762880160.325883,1.74
1762880160.3320692,1.27
1762880160.338269,1.41
1762880160.3445601,1.59
1762880160.350927,1.1
1762880160.3570728,1.56
1762880160.364059,1.38
1762880160.369623,1.14
1762880160.376024,1.68
1762880160.382046,1.19
1762880160.3882828,1.33
1762880160.394636,1.62
1762880160.400809,1.08
1762880160.407091,1.5
1762880160.413285,1.42
1762880160.419517,1.2
1762880160.425819,1.69
1762880160.4319491,1.23
1762880160.438269,1.36
1762880160.444541,1.62
1762880160.450816,1.15
1762880160.457083,1.61
1762880160.4643252,1.45
1762880160.469571,1.21
1762880160.475847,1.73
1762880160.482021,1.26
1762880160.48834,1.41
1762880160.494998,1.65
1762880160.500984,1.13
1762880160.507139,1.62
1762880160.513571,1.46
1762880160.519606,1.2
1762880160.525852,1.68
1762880160.532085,1.24
1762880160.538252,1.39
1762880160.545284,1.64
1762880160.5509288,1.14
1762880160.557052,1.59
1762880160.5637069,1.45
1762880160.569603,1.21
1762880160.5767481,1.69
1762880160.582,1.24
1762880160.588237,1.37
1762880160.596111,1.63
1762880160.600833,1.14
1762880160.606962,1.61
1762880160.61344,1.47
1762880160.619565,1.19
1762880160.625823,1.75
1762880160.631975,1.37
1762880160.638291,1.46
1762880160.64558,1.77
1762880160.65094,1.39
1762880160.657001,1.81
1762880160.663352,1.65
1762880160.669482,1.32
1762880160.676,1.85
1762880160.682005,1.39
1762880160.688201,1.39
1762880160.696182,1.62
1762880160.700743,1.14
1762880160.7069619,1.58
1762880160.713448,1.41
1762880160.719427,1.14
1762880160.725914,1.67
1762880160.731951,1.22
1762880160.738234,1.33
1762880160.74473,1.63
1762880160.750752,1.09
1762880160.7570188,1.49
1762880160.763201,1.45
1762880160.7694762,1.2
1762880160.775737,1.67
1762880160.782015,1.22
1762880160.788179,1.38
1762880160.795572,1.7
1762880160.800673,1.14
1762880160.806977,1.6
1762880160.813319,1.6
1762880160.819446,1.48
1762880160.8258188,2.57
1762880160.831925,3.15
1762880160.838209,3.17
1762880160.84658,3.17
1762880160.8507142,3.13
1762880160.856954,1.63
1762880160.8634539,0.65
1762880160.869392,1.28
1762880160.87584,2.01
1762880160.882114,1.13
1762880160.888225,1.15
1762880160.895494,1.65
1762880160.900678,1.12
1762880160.906894,1.49
1762880160.913325,1.4
1762880160.919531,1.12
1762880160.9258182,1.63
1762880160.9319448,1.24
1762880160.9382458,1.32
1762880160.944515,1.63
1762880160.9506938,1.16
1762880160.956862,1.58
1762880160.963271,1.49
1762880160.969377,1.2
1762880160.976127,1.73
1762880160.982044,1.34
1762880160.988197,1.4
1762880160.996534,1.71
1762880161.000677,1.24
1762880161.0069308,1.62
1762880161.013165,1.59
1762880161.019428,1.37
1762880161.0261068,1.87
1762880161.0581398,1.46
1762880161.0583549,1.55
1762880161.05884,1.91
1762880161.066345,1.46
1762880161.066616,1.85
1762880161.066808,1.77
1762880161.0694451,1.52
1762880161.0832,2.02
1762880161.0841842,1.59
1762880161.088367,1.65
1762880161.094492,1.98
1762880161.1009018,1.47
1762880161.106951,1.8
1762880161.11351,1.67
1762880161.119448,1.36
1762880161.1256618,1.8
1762880161.1318898,1.32
1762880161.138262,1.33
1762880161.147149,1.64
1762880161.1746602,1.12
1762880161.194415,1.49
1762880161.194597,1.44
1762880161.194734,1.16
1762880161.194867,1.62
1762880161.1950011,1.21
1762880161.195137,1.26
1762880161.195277,1.6
1762880161.2042081,1.1
1762880161.2071,1.47
1762880161.214412,1.43
1762880161.2194078,1.18
1762880161.225745,1.65
1762880161.231961,1.26
1762880161.2381032,1.35
1762880161.244365,1.69
1762880161.251023,1.14
1762880161.2568588,1.53
1762880161.26319,1.51
1762880161.269343,1.23
1762880161.275729,1.7
1762880161.281889,1.31
1762880161.288152,1.38
1762880161.294419,1.69
1762880161.300995,1.19
1762880161.306838,1.59
1762880161.313128,1.57
1762880161.319335,1.22
1762880161.325716,1.67
1762880161.331937,1.34
1762880161.338071,1.41
1762880161.3447099,1.68
1762880161.350682,1.2
1762880161.3568509,1.62
1762880161.363272,1.57
1762880161.369323,1.21
1762880161.3757,1.69
1762880161.381855,1.33
1762880161.388094,1.41
1762880161.394799,1.7
1762880161.400747,1.21
1762880161.4067829,1.59
1762880161.4131231,1.55
1762880161.419366,1.23
1762880161.4257438,1.7
1762880161.431871,1.36
1762880161.438051,1.43
1762880161.4444952,1.71
1762880161.4507608,1.18
1762880161.456796,1.62
1762880161.463126,1.6
1762880161.469429,1.21
1762880161.475671,1.73
1762880161.481876,1.41
1762880161.488353,1.44
1762880161.494427,1.74
1762880161.500849,1.28
1762880161.506921,1.73
1762880161.513459,1.72
1762880161.519331,1.37
1762880161.525593,1.92
1762880161.5318441,1.63
1762880161.538039,1.63
1762880161.545259,1.84
1762880161.550543,1.37
1762880161.556868,1.74
1762880161.563346,1.65
1762880161.569262,1.27
1762880161.575597,1.71
1762880161.5818,1.35
1762880161.5879822,1.38
1762880161.594455,1.71
1762880161.600557,1.21
1762880161.606773,1.57
1762880161.6131442,1.56
1762880161.619374,1.26
1762880161.625587,1.73
1762880161.631825,1.37
1762880161.63798,1.41
1762880161.644403,1.73
1762880161.650559,1.23
1762880161.6570501,1.62
1762880161.663039,1.63
1762880161.669418,1.3
1762880161.6755981,1.76
1762880161.681779,1.44
1762880161.688291,1.58
1762880161.6947,2.15
1762880161.700754,2.19
1762880161.706848,3.17
1762880161.713399,3.17
1762880161.71929,3.17
1762880161.725874,3.16
1762880161.731782,1.44
1762880161.738302,0.75
1762880161.7444532,1.88
1762880161.750717,1.52
1762880161.7568152,1.47
1762880161.763124,1.48
1762880161.769294,1.3
1762880161.775993,1.71
1762880161.781843,1.33
1762880161.788361,1.36
1762880161.794515,1.71
1762880161.800522,1.21
1762880161.806886,1.58
1762880161.81325,1.63
1762880161.819277,1.27
1762880161.825545,1.71
1762880161.831774,1.41
1762880161.8381681,1.45
1762880161.8444061,1.76
1762880161.850622,1.3
1762880161.8567529,1.65
1762880161.863174,1.68
1762880161.869334,1.34
1762880161.8755069,1.83
1762880161.881731,1.54
1762880161.888082,1.56
1762880161.894506,1.9
1762880161.900491,1.43
1762880161.906771,1.81
1762880161.913068,1.87
1762880161.919244,1.51
1762880161.925698,2.02
1762880161.931774,1.74
1762880161.938004,1.67
1762880161.945106,2.07
1762880161.950645,1.66
1762880161.956783,1.96
1762880161.9630551,1.95
1762880161.9692328,1.61
1762880161.975539,2.1
1762880161.981738,1.72
1762880161.9883661,1.59
1762880161.994448,1.92
1762880162.000612,1.39
1762880162.0067542,1.64
1762880162.013057,1.64
1762880162.019277,1.25
1762880162.025558,1.68
1762880162.0317729,1.32
